"","id","today","ssp1","ssp2","ssp3","ssp5"
"marketable_yield_today","1",9.32252284397886,10.4958914518699,9.69192727324747,7.60950431117731,6.65187896598993
"marketable_yield_today1","10",9.79556082919565,10.8567693849557,9.78861473176558,7.80116726408025,6.6360838360037
"marketable_yield_today2","100",10.9848297127615,11.2188792341205,10.234173641634,8.14332257249739,6.87491657337447
"marketable_yield_today3","101",10.2019083399359,11.0133145603903,10.0121156962292,7.74585701924747,6.52873787023731
"marketable_yield_today4","102",10.7580290293927,11.3043006993183,10.0849389223086,8.0545884113264,6.62808609605671
"marketable_yield_today5","103",10.6681751727156,11.4948308023645,10.5385353659961,8.42564916851335,7.06006191895856
"marketable_yield_today6","104",10.2103237487687,12.0893312492838,11.549884573895,9.58155653572214,8.30344211774926
"marketable_yield_today7","105",10.6435647500054,12.5612556725233,11.7333143818574,9.58435015543278,8.36811478710179
"marketable_yield_today8","106",11.3458943762893,12.3206181718949,11.7343933265903,9.40364636386092,7.91767091361886
"marketable_yield_today9","107",10.9902492727991,12.138674470628,11.3956773315704,9.30053514872492,8.03196447422469
"marketable_yield_today10","108",11.0678278055298,11.9857586525158,10.8701899701356,8.79738430474622,7.4566241072999
"marketable_yield_today11","109",11.3558689782531,11.1243716142051,9.88068648513304,7.78017269148758,6.28858810611557
"marketable_yield_today12","11",10.1429200150516,12.0059320062365,11.2186633418427,9.07887087917951,7.86551614936318
"marketable_yield_today13","110",10.3481985360303,11.0642509598243,9.91491823337294,7.81329570257526,6.41152633142327
"marketable_yield_today14","111",11.3625176645862,11.2870389952738,10.2272808830834,8.17165979746409,6.6964752002812
"marketable_yield_today15","112",11.2682350324814,11.1587842864342,10.1467557400689,8.01568674616113,6.69211021052831
"marketable_yield_today16","113",11.0045967998303,11.4728557831263,10.5702528964265,8.44706068613395,6.96442132887789
"marketable_yield_today17","114",10.9663687474739,12.6337443089154,11.8614515997275,9.66605096276697,8.43327464705842
"marketable_yield_today18","115",9.60990477920904,12.4626532562208,11.8942809927636,10.0080821124005,8.98511250013673
"marketable_yield_today19","116",10.1528763932258,12.1524516039215,11.6432482292737,9.60395378771443,8.33554896589593
"marketable_yield_today20","117",9.04638391196392,11.819639545139,11.5116622448373,9.67036753859539,8.60572414391462
"marketable_yield_today21","118",8.70466266027894,10.9681157901892,10.9364170705688,9.08568558879971,8.03800955749456
"marketable_yield_today22","119",8.64563146854777,10.5367387941233,10.2428286683112,8.53720629334003,7.48714385765938
"marketable_yield_today23","12",9.69271078691169,12.0708179952271,11.2738831593928,8.99966957346998,7.66526166338418
"marketable_yield_today24","120",7.88775691262428,10.8708262921591,10.9506254070418,9.10980296195969,8.1551934120341
"marketable_yield_today25","121",7.89348700824047,11.104774354258,11.1143679512716,9.36973686013832,8.30291931622779
"marketable_yield_today26","122",7.44541077912147,11.09350319934,11.1585993629616,9.83118802173386,8.92326508113096
"marketable_yield_today27","123",7.43233812023229,10.947645858173,11.2532079651026,9.64474315666568,8.82961640759867
"marketable_yield_today28","124",7.70093446201979,10.6195934145759,10.4386992019715,8.84055530861298,8.08661607854178
"marketable_yield_today29","125",9.07866918282271,11.3188284121872,11.1058947139502,9.2527783039677,8.39535409801663
"marketable_yield_today30","126",11.350318282613,10.8301378664957,9.44232957004451,7.36917537906918,6.04161695115925
"marketable_yield_today31","127",10.6993254772147,11.2529911285319,10.0207822051336,7.96812548446916,6.61448744854828
"marketable_yield_today32","128",12.0128066566439,11.3725487121233,9.84137715978462,7.69426653843798,6.32127287318435
"marketable_yield_today33","129",10.4818351376529,10.3990982591858,9.15920048483158,7.114318896475,5.80358034374598
"marketable_yield_today34","13",9.34092962317112,11.1767759037597,10.3929364083221,8.24195839832085,7.24942869849267
"marketable_yield_today35","130",10.8973695788396,11.4858179009476,10.2530484131344,8.36448791023674,6.76750071542568
"marketable_yield_today36","131",12.4458864584791,11.5441196877013,10.0242668107288,7.84092261493359,6.29998185715521
"marketable_yield_today37","132",11.9054523446986,10.9784608617185,9.52380188270532,7.43299935997993,5.92416327094946
"marketable_yield_today38","133",11.1075341959281,11.0479117525924,9.52395936891222,7.51829154224564,6.41210288346811
"marketable_yield_today39","134",10.5185496622514,10.7168257845582,9.76763123619697,7.70810180816524,6.34613494758214
"marketable_yield_today40","135",10.8755861194046,10.5639897059328,9.28432176607222,7.32224682750076,6.08483883495599
"marketable_yield_today41","136",11.2058322159151,10.9151258649276,9.65620007949948,7.44653240281758,6.1559482877068
"marketable_yield_today42","137",10.8966964496497,11.5242561104213,10.255190214202,8.25906192957373,6.88185883045773
"marketable_yield_today43","138",10.3399265593736,11.7732934510767,10.9279463311703,8.78153807373317,7.47647005577154
"marketable_yield_today44","139",11.3954314771687,12.4120905936034,11.6610060144485,9.33454403931715,7.84598397709041
"marketable_yield_today45","14",10.4964065961744,12.4893453216635,11.6982026291304,9.5705532423587,8.24106376684512
"marketable_yield_today46","140",10.5842302253763,12.6367213601255,12.0189283250755,9.71096110237829,8.41017515167671
"marketable_yield_today47","141",12.0803345918335,12.689487294464,11.6154444049151,9.10347169168717,7.78943694818986
"marketable_yield_today48","142",10.5271373159765,12.2175951331159,11.3412749398695,9.16229123129227,7.85921856242155
"marketable_yield_today49","143",11.4843301274082,12.1085254226013,10.830042044762,8.80130183364846,7.35730009579051
"marketable_yield_today50","144",10.6417980417921,12.1924472504081,11.4732501741216,9.27688881835275,7.96674696908286
"marketable_yield_today51","145",10.5997558315462,11.5301129149061,10.5350204263849,8.34368091419188,7.07588775827849
"marketable_yield_today52","146",9.62534448611178,11.230687533694,10.1943070146584,8.31181118137786,7.2949161081279
"marketable_yield_today53","147",10.013650771075,11.420957854814,10.8092512816159,8.77422714736712,7.39814559354119
"marketable_yield_today54","148",9.95283471538584,11.5646113692587,11.1054939805336,8.7989787813951,7.67370544799028
"marketable_yield_today55","149",10.7501531253145,11.7975682164225,11.0737092800042,8.88954463539101,7.54406718645254
"marketable_yield_today56","15",10.3540300900059,12.6937702823239,12.2099210280644,10.2140602857551,8.75882878859629
"marketable_yield_today57","150",10.6535013567652,12.4930766938775,11.7422576467884,9.84012910200894,8.23028540145956
"marketable_yield_today58","151",10.3158091792158,12.4323423995769,12.0329916594611,10.0706169361234,8.77805718947616
"marketable_yield_today59","152",9.38613760154748,11.9462827819081,11.7017620555136,9.7775078125052,8.69966008522327
"marketable_yield_today60","153",8.48257295554637,11.5196852483574,11.2538649699325,9.5053227355861,8.7006607346169
"marketable_yield_today61","154",7.99919074732516,10.9423095861214,11.0859359946927,9.28542704919834,8.39665629417908
"marketable_yield_today62","155",7.49935185875767,10.7566722147244,10.7359349376173,9.16624230651906,8.38114729212506
"marketable_yield_today63","156",7.47681904180558,10.7896631141123,11.1156053645241,9.61466381446766,8.82002790833225
"marketable_yield_today64","157",7.45397480850162,10.8227393637337,11.0533118772496,9.56921886726716,8.66889363425085
"marketable_yield_today65","158",7.96741053643715,10.8405274358605,10.8235077085865,9.14000698066387,8.51788714395787
"marketable_yield_today66","159",7.56792087689308,10.7849600543012,10.8325499295321,9.17246217547307,8.4094825792001
"marketable_yield_today67","16",10.210677801125,11.7989596390105,11.0269912992343,8.97613514383519,7.87712089477424
"marketable_yield_today68","160",7.85083648527567,11.4287596159702,11.6582705492752,10.0906971263108,9.12069686143442
"marketable_yield_today69","161",7.3070632771027,11.1405611049821,11.7230457416509,10.1791772794932,9.5947385470481
"marketable_yield_today70","162",10.6756305147579,10.1333190026814,8.81287910090821,6.79408208250164,5.51441211892474
"marketable_yield_today71","163",11.0219216951895,10.2341808119711,8.99603538407742,6.87454217569675,5.6629663212254
"marketable_yield_today72","164",12.0345571008086,10.9439046056309,9.66134344182311,7.48092565431973,6.00271111825733
"marketable_yield_today73","165",11.805995150576,11.2196656109093,9.89301496108436,7.69118030650596,6.11450340904156
"marketable_yield_today74","166",11.1089176963073,11.1529449533611,9.94968408867812,7.866137675405,6.33391355413521
"marketable_yield_today75","167",11.4000575689585,11.2639317843434,9.91241431040056,7.90850191822869,6.41190959084782
"marketable_yield_today76","168",11.1078365728228,10.8279450095336,9.53869184103925,7.58048718890032,6.0868193699819
"marketable_yield_today77","169",10.8714914400872,10.7260648075961,9.49535312750542,7.64403731422076,6.04661216648811
"marketable_yield_today78","17",9.71117500608487,11.2184377489059,10.8199496595376,8.66796837688274,7.42598924045239
"marketable_yield_today79","170",11.2965501650542,10.7421360255433,9.39857534092875,7.27531248896559,6.07445425137476
"marketable_yield_today80","171",11.623573109035,10.9666609742905,9.61934884950029,7.60207637263909,5.93902721613677
"marketable_yield_today81","172",10.7096034390578,11.3190312807248,10.2730356447075,8.18266063581165,6.81268956313893
"marketable_yield_today82","173",10.4526990904822,10.6619580530511,9.68660897091653,7.778037197502,6.40017655367175
"marketable_yield_today83","174",11.3274122436924,10.7258696531755,9.59169630876728,7.62545764974189,5.95656543527674
"marketable_yield_today84","175",10.4978248213484,11.4222932796758,10.6701017616758,8.30950976884375,6.90119438671466
"marketable_yield_today85","176",11.1506001835213,11.4693663977885,10.6601474905067,8.54777062401396,7.04223814122517
"marketable_yield_today86","177",11.2646299487633,11.4782837548489,10.4400825857719,8.15723003488233,6.7426678682862
"marketable_yield_today87","178",10.5347331536435,11.7678569443523,10.8585112258159,8.87137361438192,7.40548559828867
"marketable_yield_today88","179",10.8976814045802,12.3436839553579,11.5720665890938,9.41176647631598,7.82158085464436
"marketable_yield_today89","18",9.52752120553534,10.8708456420877,10.2546617551329,8.45372735608169,7.20134466312245
"marketable_yield_today90","180",11.4234245412979,12.3871837140965,11.5366119006194,9.32507346684797,7.69573400430582
"marketable_yield_today91","181",11.1546630162541,12.4449990821436,11.6348275785243,9.29438738276763,8.07026714067307
"marketable_yield_today92","182",9.59198731846869,12.0240209157802,11.5379728718148,9.55049710977699,8.14393742919177
"marketable_yield_today93","183",10.1208835619873,12.1639556136155,11.7153136861307,9.61502235598766,8.35443884775026
"marketable_yield_today94","184",9.23628155645267,11.9009467447632,11.7378587693339,9.71493106963058,8.55855883348491
"marketable_yield_today95","185",9.48295793732658,11.7730524823234,11.2746254759131,9.44477944295991,8.12862525930056
"marketable_yield_today96","186",9.68392186486408,11.9550461541833,11.2981340833323,9.43734025923833,7.94220166305709
"marketable_yield_today97","187",9.32961572186554,11.4941125108609,11.2799722232042,9.46018799233513,7.82589229069251
"marketable_yield_today98","188",10.5283372995056,12.3707833757597,11.9183337912204,9.82249258901095,8.22072941058101
"marketable_yield_today99","189",10.1956794024466,11.8982509874548,11.4375506124676,9.53650843304007,8.15317012966981
"marketable_yield_today100","19",9.67350568657148,11.1562260764339,10.1747618988522,8.29190542831888,7.25527546622646
"marketable_yield_today101","190",8.69633623199103,11.7884688890295,11.7508623710286,9.96391618702492,8.82215789474382
"marketable_yield_today102","191",7.71725479190205,11.3740018889439,11.7215693078073,10.2411156205437,9.34397329391154
"marketable_yield_today103","192",6.78424091792517,10.7055301828924,11.3077804909567,9.69315607989126,9.04196506464583
"marketable_yield_today104","193",6.92461821061152,10.5282107599199,11.063681913654,9.72504322076433,8.99391506107509
"marketable_yield_today105","194",6.9876426896471,10.600371884711,11.2307039446885,9.88341148303181,8.80877504816591
"marketable_yield_today106","195",7.27961789768053,10.7701302285479,11.290166194058,9.90012231769419,8.77938827568292
"marketable_yield_today107","196",7.72330004466147,11.3022451257475,11.7875778640298,10.2236609429303,9.36893480473259
"marketable_yield_today108","197",7.26402444016309,11.1814557878582,11.7591723458924,10.5042212553859,9.40602564371818
"marketable_yield_today109","198",6.55504642683301,11.1071711531525,12.1122616087373,10.8716927824508,10.1601159876818
"marketable_yield_today110","199",11.2303560240274,11.2179853216518,10.2054760862984,7.99425908159651,6.33695116720365
"marketable_yield_today111","2",9.37260983631078,10.8881991917141,9.95875981054414,8.14283247363256,6.72726514121723
"marketable_yield_today112","20",10.1797003875385,11.0003265754168,10.4074415405179,8.52295240462114,7.27674494091816
"marketable_yield_today113","200",11.2273465114469,11.2174348321565,9.94974585125311,7.9139580636204,6.34591522405039
"marketable_yield_today114","201",11.0379609277274,10.8592382084246,9.49583085808891,7.49850083068559,6.04421323169881
"marketable_yield_today115","202",11.4401988432978,11.0504644399698,9.79058368304173,7.67573831960431,6.32650826670593
"marketable_yield_today116","203",11.4159410949128,11.0274614197619,9.66331792139671,7.59525730409819,5.98814954092839
"marketable_yield_today117","204",11.1539270818776,10.6459782272217,9.24609944713793,7.2279216561759,5.67186007441589
"marketable_yield_today118","205",11.9318153313093,11.189096425877,9.82696012791012,7.68237107152548,6.02596925268031
"marketable_yield_today119","206",11.6726435971224,10.5364708447344,9.24812141903529,7.19922519270941,5.71340352885271
"marketable_yield_today120","207",10.466054927742,10.0445149901395,8.92284815061276,7.10577292755915,5.77384101518028
"marketable_yield_today121","208",10.1103603513777,9.53364595082556,8.43056644421382,6.06925161897747,4.73668834775904
"marketable_yield_today122","209",10.8576482529121,11.1309642159233,10.1800382435158,7.96829250837536,6.45471950137391
"marketable_yield_today123","21",10.2768288456749,11.1717262348624,10.2036254786865,8.09843526477953,6.84350644826102
"marketable_yield_today124","210",10.4227641901934,10.939525315003,9.89362817373674,7.75796142845111,6.37752805277837
"marketable_yield_today125","211",11.2353447187547,11.2953070392435,10.079371211715,7.99706438588303,6.50270177180147
"marketable_yield_today126","212",11.042085801154,11.2114470109921,10.0775003420793,7.96846478408225,6.61570917877052
"marketable_yield_today127","213",9.79144765794956,10.6896120037627,9.90830638288831,7.99262700058269,6.76907401369871
"marketable_yield_today128","214",10.9366573286579,11.0449948256824,10.0547114922996,7.87906148289857,6.51182024412049
"marketable_yield_today129","215",10.3374837340193,11.7448366049498,11.149824489479,8.87207566055746,7.66344270318031
"marketable_yield_today130","216",10.8343569035257,11.2030933949369,10.2766221656525,8.25817319410262,6.69331284948633
"marketable_yield_today131","217",10.7916223084089,12.165716471661,11.5471678927307,9.21578456080823,7.76837957720806
"marketable_yield_today132","218",10.5821965721504,11.5831139640537,11.0719240962822,8.87066135876247,7.42556697473007
"marketable_yield_today133","219",10.2870131683067,11.6853880234417,10.9841026598349,9.03871868902228,7.63245335977727
"marketable_yield_today134","22",10.8441843017495,10.538780452743,9.71430159252355,7.76069415963693,6.59906526022765
"marketable_yield_today135","220",9.46222692759696,11.9363677722726,11.2845902229706,9.43104086635502,8.20201734960823
"marketable_yield_today136","221",9.7959528262209,12.3662095642496,12.1206024900838,10.0406887570047,8.59181211269333
"marketable_yield_today137","222",10.1034411726498,12.1115489784159,11.5453530805621,9.66568530016821,8.25436531247841
"marketable_yield_today138","223",10.1885920910068,11.4770631514312,10.9816214241244,8.93905598732491,7.46749767282084
"marketable_yield_today139","224",8.96414517508675,11.1290307139089,10.6582780662322,8.92825736585656,7.74531698275785
"marketable_yield_today140","225",9.93284140399659,11.8620124499744,11.3096828782083,9.50194212332014,8.13550023107185
"marketable_yield_today141","226",9.53041831111076,11.9939298096809,11.4823678410421,9.79323885940246,8.42526907298224
"marketable_yield_today142","227",7.71003056545498,10.8997823891652,10.8671571824705,9.41542124629828,8.28199570422064
"marketable_yield_today143","228",6.92964135092735,10.5504347074766,11.3523462872259,9.74340554228035,8.96936953253695
"marketable_yield_today144","229",5.75191609264991,9.58185205758195,10.3542707107173,9.26713579174087,8.66269189927828
"marketable_yield_today145","23",10.0257254465542,11.3812452489404,10.5708615706574,8.6567503880592,7.14931966304174
"marketable_yield_today146","230",5.97253911137075,9.72952391220358,10.3467632905529,9.32823365617173,8.66521798691447
"marketable_yield_today147","231",6.26317313270996,10.3666742805065,10.8793187623013,9.86769887115944,9.05685948168639
"marketable_yield_today148","232",7.3685945092644,11.8242816765386,12.5060055846333,11.1267516503344,10.0019713134511
"marketable_yield_today149","233",8.00622412706884,11.7094866456758,11.9817488188199,10.5167627390288,9.34332849866198
"marketable_yield_today150","234",7.57519819822038,11.8020377492876,12.1530639601737,10.8254074998292,9.66439821156589
"marketable_yield_today151","235",6.64106488891503,11.201724051371,11.9856013670182,10.8239381376843,10.0001098296587
"marketable_yield_today152","236",12.5807302770921,11.5547395893659,10.1324132885768,7.71733949102078,6.18495759464709
"marketable_yield_today153","237",11.180697744531,10.9701231951069,9.61719038746276,7.54786417355834,6.09007121725571
"marketable_yield_today154","238",12.3464195786954,11.3239632489872,9.91379253406842,7.79025098855201,6.08321641976274
"marketable_yield_today155","239",11.4704526302367,11.1206903104413,9.79454837329695,7.58341053375092,6.13905593271951
"marketable_yield_today156","24",10.4284800241627,10.9785763835574,9.93571785986093,7.9866870593895,6.77973215436074
"marketable_yield_today157","240",10.4715575004252,10.5054040526146,9.40931055714937,7.25971149051764,5.8818040568913
"marketable_yield_today158","241",10.5371557331768,10.6896263249887,9.42899640796532,7.27979564543034,5.75448129066054
"marketable_yield_today159","242",10.8794115312264,10.8498684482742,9.82874765962595,7.53383803451414,6.16956761551402
"marketable_yield_today160","243",11.3066236991773,10.7597951026273,9.17184097497852,7.26022081163244,5.74064913340515
"marketable_yield_today161","244",10.2179690156239,10.3036193930401,9.28655037953602,7.25707069016487,5.97906607991527
"marketable_yield_today162","245",11.0721976971677,10.6450050326307,9.724827407104,7.54619904391192,6.24843244370891
"marketable_yield_today163","246",10.4571977463934,11.1169771493086,9.98841071816639,7.89096050274456,6.61161211665134
"marketable_yield_today164","247",10.9942541554225,11.7521817984415,10.8751381040022,8.59324003913471,7.21843049745373
"marketable_yield_today165","248",10.9033665488002,11.3268216635687,10.1958353665375,8.09141466105929,6.77786956041449
"marketable_yield_today166","249",10.2338880218658,11.1103066104905,10.0997413185694,8.24764762490744,6.75091663727495
"marketable_yield_today167","25",10.0169271614588,10.4395914872324,9.48166265355126,7.3901718963451,6.20618396065259
"marketable_yield_today168","250",9.98152921235296,11.1568512070865,10.310165938433,8.30279330402757,6.7947535188768
"marketable_yield_today169","251",10.130951857252,10.7438238768463,9.94134760999691,7.77117544744672,6.38971444695912
"marketable_yield_today170","252",10.0655069633792,11.0118536846001,10.1720813188736,8.2400762773141,6.71574762590568
"marketable_yield_today171","253",10.3092689077256,11.0022155704294,10.3510134197206,8.31836491352296,7.04390480419337
"marketable_yield_today172","254",10.1368313818175,10.8382174902844,10.1301640446241,8.20585339606556,6.80311516359474
"marketable_yield_today173","255",9.95698810597584,11.1489656857159,10.6488924750727,8.68458341248527,7.34251013379731
"marketable_yield_today174","256",10.0937193297195,11.6824113717416,11.1192118588817,9.17712201351982,7.71548755737728
"marketable_yield_today175","257",10.2735309426017,11.7689399556474,11.3209848147159,9.30142339845608,7.92632921172484
"marketable_yield_today176","258",9.10147080714322,11.5472498549149,11.379184107404,9.63090432845409,8.37168045693581
"marketable_yield_today177","259",7.94250594141686,11.2794741486353,11.4953886942404,9.92689260487056,8.86183444186712
"marketable_yield_today178","26",9.45224091341576,10.8103358157281,9.92976821025561,7.79781400905012,6.63398298276652
"marketable_yield_today179","260",8.74381161511854,11.4665301743413,11.8432161256274,10.0572843501894,8.99807234391022
"marketable_yield_today180","261",8.08592396492739,11.2974576766076,11.5067723373435,9.87168336929811,8.79552572062224
"marketable_yield_today181","262",7.91611919259988,11.2611554228528,11.7878469012131,10.4251463215349,9.37988669021913
"marketable_yield_today182","263",6.85859230570631,10.7956339131385,11.3694153014122,10.2161320802888,9.33993692844833
"marketable_yield_today183","264",5.72895497542469,10.149984060845,11.4832598112253,10.7043711931662,10.1392482731865
"marketable_yield_today184","265",5.78279663712898,9.96951243579041,10.9221022524288,9.85742741409197,9.35286651491329
"marketable_yield_today185","266",6.10343582085162,9.81101246187102,10.5073063820279,9.30790188071023,8.72044377673772
"marketable_yield_today186","267",7.05557602973397,11.3251421247361,11.8368209475604,10.616290070764,9.70788269867765
"marketable_yield_today187","268",7.83078966347862,12.504036964928,13.0226835755193,11.6349604183895,10.5078733041821
"marketable_yield_today188","269",8.17893688469377,12.2784252139257,12.6978031226462,11.1788934878705,10.1086353846362
"marketable_yield_today189","27",9.6501749211849,11.0832250720339,10.4028004360965,8.30106576870247,7.16218832089575
"marketable_yield_today190","270",7.87528762031596,12.6481156602695,13.2170071462478,11.713960298371,10.5799454887761
"marketable_yield_today191","271",7.03660551596524,11.690079140362,12.2464585475264,10.8149117751284,9.88927055777788
"marketable_yield_today192","272",13.0114599579802,11.6465871816533,10.25086885084,7.99640790554758,6.38970724007181
"marketable_yield_today193","273",12.1847222051335,11.4807734665425,10.152190856566,8.09834743674285,6.46801824150992
"marketable_yield_today194","274",11.4934904820262,11.0389086186424,9.75100610617561,7.66100768946832,6.34608475768257
"marketable_yield_today195","275",11.9855953243778,11.4259705822048,10.1006261338134,7.97228959227912,6.63237648733925
"marketable_yield_today196","276",12.339539594345,11.9433813279464,10.5082346466433,8.50755819527424,6.67982084738762
"marketable_yield_today197","277",12.8041687242657,12.1886354439511,10.7069075437649,8.4433834067672,6.73661234375019
"marketable_yield_today198","278",11.7825620416177,11.4713465852906,10.156801130559,8.13943870966635,6.39583905164214
"marketable_yield_today199","279",11.6240276835942,11.8450237659797,10.5271498829944,8.43463068548805,6.73491549392182
"marketable_yield_today200","28",10.3812260366864,11.7835503087516,11.109399729044,9.01418931746792,7.66761333312946
"marketable_yield_today201","280",10.825887450178,11.6297700125553,10.5720998681036,8.44485055340388,7.00991926382931
"marketable_yield_today202","281",11.4310352150017,11.6506723202461,10.4265434312339,8.311368258227,6.71381614857025
"marketable_yield_today203","282",10.567537274213,11.3291148217187,10.2894494183565,8.44896170732823,6.94511305421004
"marketable_yield_today204","283",10.7867648965725,11.3866622460647,10.5142638163833,8.4986753003707,7.02462630566361
"marketable_yield_today205","284",9.23582905404681,10.5552143224019,9.82149361740223,8.11173147808705,6.75814473602418
"marketable_yield_today206","285",10.3019291871698,10.5040324515964,9.57411882835635,7.73784208691282,6.47971167197642
"marketable_yield_today207","286",9.08583655433833,10.6149367696245,9.71725112273501,8.10355928232051,6.87107986702694
"marketable_yield_today208","287",9.15554031693195,10.774337984447,10.0532337391568,8.52920366830206,7.12797428611434
"marketable_yield_today209","288",8.63269124613121,10.6122767301371,10.3118411164465,8.57807015763552,7.42482410530912
"marketable_yield_today210","289",8.59457509501059,10.9833381916416,10.8696581856355,9.18439116103491,7.84764155102541
"marketable_yield_today211","29",9.87018755375327,11.4302244583499,11.0045237938046,8.97565538929131,7.64046615907937
"marketable_yield_today212","290",8.77085176944818,11.2894419437727,11.1867554168168,9.66879600494494,8.4064258479095
"marketable_yield_today213","291",7.90620413740518,11.0593568548858,11.3029813967002,9.74855725780222,8.6407418255773
"marketable_yield_today214","292",7.46637548279534,10.6661898737536,10.9165615896082,9.57881134358208,8.42064174317371
"marketable_yield_today215","293",6.61058374518467,10.3460274215453,11.1480933229749,9.87832478484523,9.10389140636216
"marketable_yield_today216","294",5.9705707577383,9.53036588520715,9.91428119366972,8.95110167766525,8.21305728611113
"marketable_yield_today217","295",5.29201732859529,9.17999677609508,9.74124643388151,8.94250568654654,8.37882721576506
"marketable_yield_today218","296",5.38774574166244,8.81893722935675,9.59133320731499,8.77887906834833,8.25173345337027
"marketable_yield_today219","297",4.42738073170226,8.25206068142788,9.1807486554351,8.60955485527763,8.35994401422676
"marketable_yield_today220","298",4.58123948210732,8.38761271969454,9.34824726863995,8.58248872671219,8.34274707731251
"marketable_yield_today221","299",4.24490279608785,8.59172250704259,9.67391646923262,9.07864075596828,8.81054195402901
"marketable_yield_today222","3",8.91487412719956,10.3375928289602,9.48546536189002,7.61312178405884,6.54893865584775
"marketable_yield_today223","30",9.78576575393954,11.1100274298059,10.3527012761585,8.43378692807728,7.25298199253084
"marketable_yield_today224","300",5.05196987307307,9.30249692017837,10.182282746362,9.51947007359799,8.82326318971589
"marketable_yield_today225","301",6.18581645316368,10.7276734371366,11.3533461696918,10.4028727276116,9.34687301787445
"marketable_yield_today226","302",6.70292104952301,10.9724964489643,11.3228909908984,10.16894816931,9.19254315130079
"marketable_yield_today227","303",7.53992777607368,11.5457491395654,12.0638728251746,10.7416685019818,9.8109930627339
"marketable_yield_today228","304",7.77792480405393,12.1679781395219,12.6326599575448,11.396094406193,10.3081471822276
"marketable_yield_today229","305",7.17921701637906,12.2348477272392,12.7952165184342,11.6125301842185,10.5456340713716
"marketable_yield_today230","306",12.6833260307486,12.5504276426634,11.072164043169,8.73450780674443,6.7360277369093
"marketable_yield_today231","307",11.9935369025611,11.2400370140679,9.82620441215568,7.72283281089289,6.19873849157055
"marketable_yield_today232","308",12.1587173071689,11.3643379193238,10.0867791861539,7.86945947406718,6.09387006836856
"marketable_yield_today233","309",12.1409952717851,10.7060792850884,9.1975445056087,7.1403505688308,5.58111785180716
"marketable_yield_today234","31",9.77167493105942,11.5159353274757,10.8683253160519,9.01138200873076,7.6116549881018
"marketable_yield_today235","310",11.3804219920558,11.1572917115582,9.70307133212891,7.55593551642951,6.03160275657961
"marketable_yield_today236","311",12.4884768636555,11.0752132360314,9.7996724661633,7.64647357412176,5.86334469677229
"marketable_yield_today237","312",10.9334867867445,10.8233045970499,9.83210871037314,7.69146632696173,6.07137785688769
"marketable_yield_today238","313",10.3762968439863,11.0721637863289,10.2475839046382,8.28507885655734,6.75841062771938
"marketable_yield_today239","314",9.767521225062,10.7768531747848,10.2182791727851,8.07316827617903,6.65584081257312
"marketable_yield_today240","315",9.11669842734535,10.2519269960053,9.46572324657945,7.74855824115616,6.52829899369204
"marketable_yield_today241","316",8.79619681570478,10.2185131736133,9.54843831426712,7.8511721282609,6.85932165470413
"marketable_yield_today242","317",8.41442029360807,10.0009310524729,9.45512883680848,8.06022758580605,6.80636079062086
"marketable_yield_today243","318",8.03478547735997,9.68763323395298,9.40069595672977,7.96797018914647,6.81174742908732
"marketable_yield_today244","319",7.59209955866154,9.26014808273991,8.77663323087563,7.32448595170724,6.30204483795443
"marketable_yield_today245","32",9.35460182575644,10.966460184721,10.3709697767113,8.50654087456806,7.21392596976911
"marketable_yield_today246","320",6.83050616398806,9.32882632831272,9.5330496139273,8.04151764723528,7.090993786598
"marketable_yield_today247","321",6.25924808260483,9.07779236892237,9.35912097007912,8.2663625827711,7.25564375845909
"marketable_yield_today248","322",6.862215954043,9.44318125281274,9.88331561617599,8.60150488117755,7.68722977855153
"marketable_yield_today249","323",5.54236702124501,8.90918877482539,9.60319548074004,8.54424638725786,7.77135400334124
"marketable_yield_today250","324",5.15822596366895,8.89022708380396,9.71924995786945,8.89230734180637,8.29812810672595
"marketable_yield_today251","325",5.10195351945996,8.6434713736592,9.60965868311054,8.7075828184502,8.17869719051576
"marketable_yield_today252","326",4.34611435272187,8.01436031278785,9.11323309651436,8.36661932390552,8.05976667961211
"marketable_yield_today253","327",3.77913723612403,7.61183370704032,8.75808026143812,8.09204610888403,7.72248535686075
"marketable_yield_today254","328",3.28746463715115,6.80568606967462,8.06648484111951,7.61988876215424,7.54720814088988
"marketable_yield_today255","329",3.22418763884139,6.76461515534279,8.33961145664544,7.83098379188151,7.59657790630165
"marketable_yield_today256","33",9.42849284699584,11.2978294606867,10.5970982638198,8.67616316476542,7.26039182953458
"marketable_yield_today257","330",2.9642639083647,6.62503658202799,7.83072065947141,7.74700466392328,7.58820774380446
"marketable_yield_today258","331",3.82368634316877,7.88448178369415,9.33697750531964,8.92830291802373,8.7417796274375
"marketable_yield_today259","332",3.83737431380815,8.10110539514353,9.35080148917595,9.10674978557763,8.78473094180012
"marketable_yield_today260","333",4.80554596438113,9.3649748328523,10.4443637361829,9.906912032376,9.33228200730566
"marketable_yield_today261","334",5.35863149703178,10.1248642751253,11.1080105670821,10.1620403249876,9.41772024343932
"marketable_yield_today262","335",6.36194794875752,10.7762688607357,11.709718657341,10.7466030508139,9.88356745407452
"marketable_yield_today263","336",6.34756792383627,11.3212043406572,12.3778275185956,11.4177909928664,10.6067344960664
"marketable_yield_today264","337",12.9991096938204,12.0762652700783,10.3619569207756,8.15424262982052,6.25149564889088
"marketable_yield_today265","338",13.0965739020183,12.1244781626443,10.5203894019207,8.37986911077044,6.4917327732447
"marketable_yield_today266","339",13.0687323546161,11.5170846218848,9.90475799764252,7.79649281589292,6.01509438266616
"marketable_yield_today267","34",10.2814056767708,11.8556510788003,11.269241503079,9.18529041994348,7.81214061139396
"marketable_yield_today268","340",11.5499816117922,11.159049795838,9.77435247383266,7.7153138310079,6.0681689270823
"marketable_yield_today269","341",11.5489030534098,11.2272555708991,9.74651142110791,7.63756661492782,6.08514225710526
"marketable_yield_today270","342",11.7086724153542,11.1217908312001,9.6400871149873,7.41798319460725,5.74192245729869
"marketable_yield_today271","343",11.5092628743962,11.2214922689351,9.90073623166818,7.81754669402467,6.33560334121545
"marketable_yield_today272","344",10.0826265782988,9.99884796627905,8.84715195848149,7.01616358291432,5.55178661964866
"marketable_yield_today273","345",9.00691230289414,10.0839633500785,9.15779913981483,7.3901420704946,6.11320294520004
"marketable_yield_today274","346",8.91810624353912,9.9867819090244,9.36652433268918,8.03796107276935,6.54604910429025
"marketable_yield_today275","347",7.75985427878425,9.7716342600359,9.54173954610815,8.38264367519677,7.16944076227572
"marketable_yield_today276","348",7.05004430309028,9.59061352233235,9.57955622273249,8.31177411851362,7.1912003499926
"marketable_yield_today277","349",6.96596497816034,9.5559321237623,9.74322653189047,8.44661909208174,7.3792514920659
"marketable_yield_today278","35",9.94209731095567,11.7192414748571,11.1746641023519,9.19170992148355,7.84892388524731
"marketable_yield_today279","350",6.09385484607488,9.53260421937919,10.0453423467437,8.96294981300684,7.99136516962099
"marketable_yield_today280","351",5.54498352555554,8.96758528679818,9.36849256454424,8.44722043031826,7.60854938831334
"marketable_yield_today281","352",5.14070285837504,8.7164775008235,9.47854412037593,8.71128304706457,7.97665878380338
"marketable_yield_today282","353",4.18570869572399,7.46902956039247,8.25281536773307,7.59198000253365,7.03744704880736
"marketable_yield_today283","354",4.0212016594681,7.39012100916771,8.32323939711906,7.76541887091176,7.35682718918794
"marketable_yield_today284","355",4.38443739109574,8.34242013198568,9.53115758055406,8.91625824911565,8.53433289609506
"marketable_yield_today285","356",4.32190662252696,8.25911970083788,9.43135727207865,8.91534319360302,8.67992045463897
"marketable_yield_today286","357",4.15394577954581,8.15612733234099,9.41972005011512,8.8867492630931,8.59228916472565
"marketable_yield_today287","358",3.41833159035889,7.15954896023562,8.41208888288245,8.06979063447089,7.94247795927099
"marketable_yield_today288","359",2.91529363645239,6.36167640872918,7.73619863964169,7.53344870294875,7.52628885845691
"marketable_yield_today289","36",9.68423496073112,11.3555382000066,10.7667062417609,8.70818170423215,7.5526615784103
"marketable_yield_today290","360",2.3775327484432,5.79132822686129,7.37557826863417,7.27852900459215,7.40316886200394
"marketable_yield_today291","361",2.11929228919218,5.47503454470711,7.16244508125418,7.05957273302245,7.28292037045091
"marketable_yield_today292","362",2.11978796919393,5.56233305056735,7.23932421033293,7.36551743445796,7.56066261191564
"marketable_yield_today293","363",2.64376840432146,6.36086211522747,7.81104743421016,7.72743268445816,7.77426897371996
"marketable_yield_today294","364",3.36991189605762,7.58389939513845,9.01646498318138,8.8698930412339,8.76729284462592
"marketable_yield_today295","365",13.4244024320779,10.3216206946407,8.62185226826516,6.18112798132473,4.8627718142178
"marketable_yield_today296","366",13.2091704852849,11.9010244593472,10.0956018340844,7.77602493433293,6.06520033407903
"marketable_yield_today297","367",12.5984468679526,11.6036230913362,10.098044600977,8.06738293500233,6.11165856830851
"marketable_yield_today298","368",10.9781484419177,11.3509082806558,9.85656378202765,7.72659854135082,6.2965099598874
"marketable_yield_today299","369",12.2009915927166,11.5039532308858,10.1874392538542,8.07320792603487,6.42234130788312
"marketable_yield_today300","37",9.81465319490702,11.4678410492554,10.7309761394525,8.86344388995682,7.32729257388692
"marketable_yield_today301","370",12.9064285000994,11.5307563232212,9.84165308323779,7.77416662280724,6.12945844702118
"marketable_yield_today302","371",13.4677550279309,12.1676411310973,10.6164521477555,8.43465533294536,6.397324376148
"marketable_yield_today303","372",13.2119599659697,11.8168754727425,10.0513264961136,7.89728265872719,6.23085132334865
"marketable_yield_today304","373",12.7280471016771,12.0787309602092,10.6789806496425,8.64307013567352,6.56985401306326
"marketable_yield_today305","374",10.5140216313315,11.210058657128,9.9983739439699,8.02914914921315,6.55982998969185
"marketable_yield_today306","375",9.51116622895533,10.6840727671532,9.85341279922503,8.10035659852641,6.66195060392099
"marketable_yield_today307","376",8.50155428327988,10.3444993916748,9.98163249933713,8.41506204829769,7.10949211569659
"marketable_yield_today308","377",8.16643709278022,10.4981783682195,10.4470570589533,8.97279071716835,7.64008943025713
"marketable_yield_today309","378",6.27533324045588,9.58279762542955,9.99863875297798,8.83531227968799,7.91328397083063
"marketable_yield_today310","379",5.90883073145903,9.72451196373817,10.2632984590628,9.1387761718625,8.27300066484003
"marketable_yield_today311","38",10.0666205243464,10.9826059058103,10.2162666780502,8.38938121824377,7.08999298144789
"marketable_yield_today312","380",5.05438737784291,8.71438326222371,9.7116038424297,9.03218633571855,8.14670326145948
"marketable_yield_today313","381",4.66057727631055,8.01858102456126,8.8315735646436,8.14105566338822,7.49019916322805
"marketable_yield_today314","382",3.86819503077159,7.27309448054969,8.26617742798995,7.80177333099482,7.2742674002755
"marketable_yield_today315","383",3.92794036832341,7.33000887417177,8.2745287044055,7.81548897108031,7.29363906778656
"marketable_yield_today316","384",3.99825080034428,7.49579170447235,8.49998163684269,8.07077734035296,7.656912340777
"marketable_yield_today317","385",4.30369698547369,7.9215460477675,8.98870342970958,8.39336893601517,7.98063402512318
"marketable_yield_today318","386",4.10034236509733,7.71551406612566,8.89542061073763,8.19654114708772,7.93621447782687
"marketable_yield_today319","387",3.19282589792081,6.99917711458804,8.34986524088048,8.12570401553663,7.81925377883454
"marketable_yield_today320","388",2.35278272043009,5.73352371364331,7.20311445609034,7.23501229839626,7.16928591442591
"marketable_yield_today321","389",2.20577975377815,5.54439561942238,7.12740753197826,7.19955567671536,7.3693236934032
"marketable_yield_today322","39",10.0642280714583,11.4947042903934,11.2153099217803,9.06028523863677,8.09889716772896
"marketable_yield_today323","390",2.07862699963931,5.7477503559663,7.22311202205211,7.23176838609391,7.47028110996849
"marketable_yield_today324","391",2.33945937928583,6.06328421274223,7.57366902108776,7.71215425004526,7.83613795608048
"marketable_yield_today325","392",3.1445247553732,7.24749396279825,8.84037825910974,8.78222630173117,8.51275438695952
"marketable_yield_today326","393",3.74662623179077,8.08144794167711,9.40228341760315,9.08172071017355,8.58372448438529
"marketable_yield_today327","394",13.1665937062031,11.7805698985959,9.96366785330462,7.71000881593533,5.96046039065911
"marketable_yield_today328","395",12.1817230295653,11.4917739007097,10.1108053780846,7.89028840914754,6.25757485008539
"marketable_yield_today329","396",12.5531106619558,10.8949000747133,9.1310743105973,7.03577118832876,5.5473590803009
"marketable_yield_today330","397",11.7427860880002,11.6434990407846,10.1494546868612,7.90858368610882,6.4832793237918
"marketable_yield_today331","398",11.4065500473109,11.0219874053334,9.42485978286862,7.42899885357366,5.78484628916808
"marketable_yield_today332","399",13.1161321631375,12.3745391012444,10.7097206691641,8.56735482557132,6.68172222507364
"marketable_yield_today333","4",9.61532778853102,12.0715080828996,11.8525776704659,9.79150345892028,8.41190263891847
"marketable_yield_today334","40",9.33702913290246,11.9369869456638,11.3719511514713,9.46336684123652,8.34641659923129
"marketable_yield_today335","400",13.1761564158721,13.1484010350836,11.6385057760316,9.34834219933607,7.41040273674048
"marketable_yield_today336","401",12.7433498990996,12.6162656964358,11.3553089316541,8.85035972608421,7.18448659685812
"marketable_yield_today337","402",12.2468799563122,11.96213201643,10.5927063868011,8.48138440925674,6.63051892305307
"marketable_yield_today338","403",12.1192518178213,11.8335424124148,10.1694037747018,7.99227389178029,6.32270757619751
"marketable_yield_today339","404",11.8454635980715,11.7500714633752,10.1699603858216,8.07506370645105,6.37621145085235
"marketable_yield_today340","405",11.6157957554156,11.3611480394052,9.89825493024747,8.08153046450338,6.46099792364087
"marketable_yield_today341","406",9.51630770170022,10.6568193690169,9.57885653492137,8.07446936780407,6.50515896738559
"marketable_yield_today342","407",9.18046315762756,11.1316210817981,10.8554722417589,9.20047262183569,7.65591312847985
"marketable_yield_today343","408",7.66348668724292,10.6103946777768,10.7774296686686,9.55724595928837,8.18607200520272
"marketable_yield_today344","409",5.86368696228685,9.62874903708194,10.2086682029484,9.18238967375272,8.32210583861229
"marketable_yield_today345","41",8.92142845299825,11.8372113502393,11.4561562462257,9.54424431113779,8.3185251454937
"marketable_yield_today346","410",5.42816667299366,9.20471551929031,9.87079656475947,9.01794658175943,8.23729562489531
"marketable_yield_today347","411",4.72373905511035,8.27120753014875,9.25459163295082,8.52287312613519,7.86104721463051
"marketable_yield_today348","412",3.91814352242988,7.65600640870662,8.65158103069428,8.03119380172632,7.71308913825206
"marketable_yield_today349","413",3.8897344520987,7.48533604720278,8.5709345380032,8.03646810270648,7.71293907209029
"marketable_yield_today350","414",3.79003156866455,7.12248481143007,8.32336525319603,7.89342404043671,7.47061054059168
"marketable_yield_today351","415",3.73053350594539,7.19593021581328,8.44292746535567,8.14203042404146,7.77371439103082
"marketable_yield_today352","416",3.39543988237568,7.04846319683275,8.31655942764216,7.93343633186119,7.84738781145136
"marketable_yield_today353","417",2.92130338186616,6.64685178932085,8.33115057061221,8.08661423703957,7.83708018931918
"marketable_yield_today354","418",2.70537518984475,6.5039587825432,8.27174133913049,8.29068170657275,8.29307492957278
"marketable_yield_today355","419",2.02605473240643,5.57392397260787,7.08980780542912,7.30731768182699,7.50094966493245
"marketable_yield_today356","42",9.18196681247261,11.476563771137,10.9016825244374,9.16273982762561,7.98908487191581
"marketable_yield_today357","420",2.86957900138496,6.60847481145516,8.01068919470374,7.93299581733556,7.85715422209855
"marketable_yield_today358","421",3.42492345200626,7.58345313996492,8.85127511978834,8.4403595215367,8.2722246609182
"marketable_yield_today359","422",4.18504525385099,8.48536695522467,9.71072336314098,9.10324791744741,8.70310885146313
"marketable_yield_today360","423",4.51516780682262,8.84308983004765,10.2842671438702,9.42657161486757,9.04887218480896
"marketable_yield_today361","424",13.3523600228404,11.9039767541616,10.2470666528916,7.95226221983467,5.98651624607551
"marketable_yield_today362","425",12.0970725522242,11.3353295853702,9.8267318690143,7.74586384577909,6.07394576327952
"marketable_yield_today363","426",12.1985459907505,11.2483668866461,9.61491853396,7.69443048715905,5.91472785364872
"marketable_yield_today364","427",11.760160540785,11.8745834259367,10.4575823291209,8.31812177205433,6.49653113972391
"marketable_yield_today365","428",11.8635684553684,11.7217073486785,10.0863267938958,8.17374986790823,6.45899207546857
"marketable_yield_today366","429",11.9952568721111,11.995309077446,10.3553096292929,8.16089585103553,6.46331799629019
"marketable_yield_today367","43",9.59856550837813,11.6142941235031,10.9930463437342,8.89026658706412,7.74283846624964
"marketable_yield_today368","430",11.9002658100261,12.882799404618,11.4377328839631,9.01707893879571,7.29342817104197
"marketable_yield_today369","431",13.0716872839587,12.7296409288561,11.291726236002,8.93819190074097,7.14207820471293
"marketable_yield_today370","432",12.4958150759803,13.1826564724908,11.835727944093,9.45149615845512,7.64337574500861
"marketable_yield_today371","433",13.3450672779951,13.1341913078921,11.5320802964044,9.23708052531669,7.247122204772
"marketable_yield_today372","434",13.6958531434129,12.8113865876246,11.1063895825963,8.80405000817126,6.91583928146371
"marketable_yield_today373","435",12.2737893709882,11.9338559484884,10.4675165131956,8.4924885411606,6.72414522171455
"marketable_yield_today374","436",12.1985767859251,11.2212192972946,9.72464765414745,7.90050544332834,6.17659581402687
"marketable_yield_today375","437",10.8313118942609,10.7838116789751,9.61411512819252,7.5538196148994,6.17446370061849
"marketable_yield_today376","438",10.4767939656617,11.6446199155803,11.0502281443866,9.46347985745929,7.74202931380971
"marketable_yield_today377","439",9.11093538917057,11.4769991605819,11.4306160557391,9.74424765296866,8.52193884818083
"marketable_yield_today378","44",9.36607116736375,10.7815943408905,10.1124996215969,8.09117185454064,6.97976632496364
"marketable_yield_today379","440",7.2347133923133,10.3960293950469,10.7405620685094,9.37031754481736,8.19328027482687
"marketable_yield_today380","441",6.02364646819911,9.43451433989654,9.87101076177795,8.87795474847361,7.9856783293077
"marketable_yield_today381","442",4.98292103063437,8.51351143817397,9.22731965359411,8.48389118891951,7.81291205655143
"marketable_yield_today382","443",4.3990444821708,7.85526105112432,8.79060183361585,8.08702691130335,7.53302193109626
"marketable_yield_today383","444",3.57592134028756,7.05109666276967,7.75728245667578,7.21044988223236,6.95472954799434
"marketable_yield_today384","445",3.2292212466675,6.59791017646705,7.36253149964723,6.8940392925411,6.79963740527578
"marketable_yield_today385","446",3.15558300927422,6.62395947648683,7.61279957195247,6.99841089305567,6.88514176384444
"marketable_yield_today386","447",2.89655183784461,6.31253741677916,7.53535983577601,7.36030636278612,7.13594313527561
"marketable_yield_today387","448",2.76272361697399,6.61710196043372,7.93719246024454,8.0050951146969,7.93602199733981
"marketable_yield_today388","449",2.41093183345126,6.24085618356105,8.05671698084261,7.90968174895213,7.93559844179223
"marketable_yield_today389","45",9.51732917520996,11.0691284614629,10.344759119036,8.39318915863638,7.17017316815602
"marketable_yield_today390","450",2.47029183281856,6.44292007809539,8.00173565843683,7.98186102431202,8.11279441102272
"marketable_yield_today391","451",3.66285724083541,7.6051548918211,8.89244027986338,8.7250244711876,8.11741640286134
"marketable_yield_today392","452",4.7814869203328,9.01707009509022,10.0762421204702,9.42463017038926,8.7903016797096
"marketable_yield_today393","453",9.86966943053026,11.0161346484901,10.1008973527305,8.17666068620455,6.67316664190547
"marketable_yield_today394","454",11.5991839140207,11.8459761796656,10.7436990968469,8.63319983587524,6.90030159723148
"marketable_yield_today395","455",10.9718765137374,12.007499755269,11.1056925183808,9.28625237343878,7.33695192174054
"marketable_yield_today396","456",11.4821499852113,12.3474653713365,11.3790389652628,9.50850042513824,7.78227868156251
"marketable_yield_today397","457",11.147701197473,12.2390958008035,11.4072035285759,9.53199689206766,7.5913982861726
"marketable_yield_today398","458",11.7768402440337,12.1257915716158,10.9644108835704,8.91159228858491,7.13464032399057
"marketable_yield_today399","459",12.3243565277479,12.4393991668133,11.2027894222853,8.98224930012782,7.18766998849861
"marketable_yield_today400","46",9.64508810831751,11.0825648165315,10.5159124182693,8.52135701586206,7.38390146513079
"marketable_yield_today401","460",11.9518260429631,12.4136323336922,11.1107360653338,8.98250127994755,7.16066009391022
"marketable_yield_today402","461",11.9463489344474,12.5225075949833,11.5262602813521,9.47712180900975,7.59448626383018
"marketable_yield_today403","462",11.6703422723523,12.4372626349411,11.2685665953542,9.2784601386538,7.38052810350716
"marketable_yield_today404","463",12.0616412216997,12.5701469093989,11.3836063632956,9.32299643617548,7.4307228289303
"marketable_yield_today405","464",12.5822793458915,12.5142160175675,11.2555002431231,9.22963011026983,7.41815784803078
"marketable_yield_today406","465",12.0068071143514,11.9233160729473,10.8886608845854,8.50228235376814,6.75447798008919
"marketable_yield_today407","466",11.2087457362297,12.0461689178096,11.3710845513095,9.45397253603433,7.57544455008694
"marketable_yield_today408","467",9.78808005289491,11.5774859076555,11.2606114883493,9.77193257013508,8.17388899709769
"marketable_yield_today409","468",8.07638225270062,11.280655844914,11.4156509442783,9.94909476422288,8.65288720212775
"marketable_yield_today410","469",7.31318941045595,10.4145939302105,10.8772179777245,9.56677909384936,8.27153794026103
"marketable_yield_today411","47",9.41734847938203,11.4040582791741,11.0968268422664,8.85726508760984,7.52884588903571
"marketable_yield_today412","470",6.75479886031729,10.1268643774674,10.2482497080014,9.14142751303403,8.14617709070182
"marketable_yield_today413","471",6.39973557411384,10.0428103744263,10.6444637665429,9.7088492947602,8.65461520993043
"marketable_yield_today414","472",5.26315200008378,9.14564688540492,10.016728898558,9.03934600841227,8.37134422043763
"marketable_yield_today415","473",5.39621589938875,9.67961907259853,10.6527299047984,9.82187714558446,9.19856212660671
"marketable_yield_today416","474",4.80773199963059,9.20413145609735,10.3280014639166,9.66560097989564,8.96802294043665
"marketable_yield_today417","475",4.14027692704765,8.58396023811629,9.66525611793675,9.25980472838184,8.78226910710229
"marketable_yield_today418","476",3.78980783354086,8.00133629759839,9.38031439699753,9.08224513701829,8.6278805761404
"marketable_yield_today419","477",3.10397021571689,7.4037884622524,8.78719379754789,8.53979696205613,8.3047482662811
"marketable_yield_today420","478",3.20599289970882,7.7475471880736,9.45996760282199,9.39382104778197,9.15611052922997
"marketable_yield_today421","479",4.24358467688615,8.92575947502232,10.509009481525,10.1153550563327,9.53164031113176
"marketable_yield_today422","48",8.93728034390175,11.0690720300694,10.8154608886098,8.81503941858711,7.67078811920679
"marketable_yield_today423","480",9.80063342962401,12.2980415920339,11.6705009486013,10.0520008506547,8.26036295729276
"marketable_yield_today424","481",9.556662791739,11.6013917909359,10.7973939362262,9.05606848578324,7.62659934150458
"marketable_yield_today425","482",8.56137255493592,11.0413508509974,10.4496687453816,8.88886907747739,7.46812219509061
"marketable_yield_today426","483",8.74632919941978,10.9285844421932,10.3964659144156,8.77129717608285,7.55066757200021
"marketable_yield_today427","484",8.26790396507828,10.6583345773617,10.2428166773909,8.63561415953511,7.4478597948333
"marketable_yield_today428","485",9.19057813090318,11.2833576056732,10.7615111881528,9.03857811602121,7.55350861273043
"marketable_yield_today429","486",10.9557482030022,12.1753276449173,11.1608859896613,9.1838563625834,7.53449677577894
"marketable_yield_today430","487",11.6095859174551,13.4146176769891,12.1771542074775,10.2141958319455,8.51988888555477
"marketable_yield_today431","488",12.1473025983328,13.1803851459348,12.4496532465543,10.0259522554544,8.29421044213754
"marketable_yield_today432","489",11.5751239595597,12.8426852727342,11.7959171934278,9.46345536187893,7.8434655428673
"marketable_yield_today433","49",10.3800259361157,11.5582656822474,10.5650912745383,8.48676142603159,7.23890939549298
"marketable_yield_today434","490",11.7746927124482,12.4377231809634,11.2028399337128,9.19948782804598,7.53512649586591
"marketable_yield_today435","491",12.09208694542,12.5113086538963,10.9342593393246,8.82110577524534,7.17820295906265
"marketable_yield_today436","492",12.0284218405917,11.9008366562085,10.5189131659868,8.50569942083749,6.93887006651845
"marketable_yield_today437","493",11.2595502958535,12.052125506881,11.0379806288415,9.1143947480939,7.47658581305501
"marketable_yield_today438","494",10.8242207433284,12.9466126827222,12.062627694018,10.1520018292511,8.55995769849238
"marketable_yield_today439","495",9.65189207433382,12.8769304862898,12.6190037760713,10.9286998963368,9.45827623236282
"marketable_yield_today440","496",8.66648084376947,12.0977640194139,11.8739345869783,10.263331654144,9.05960102076874
"marketable_yield_today441","497",8.62046939569144,11.6622550763284,11.8161913440627,10.3096676922997,9.2170943042421
"marketable_yield_today442","498",7.96195873359023,11.2444095585841,11.2911598905689,10.0556620288041,8.65883549769804
"marketable_yield_today443","499",6.66582253662467,10.5889806094279,10.898793553429,9.91093953022401,8.97754611457574
"marketable_yield_today444","5",9.56871794096376,11.2872400680669,10.6358922034977,8.66071198837528,7.79377599545088
"marketable_yield_today445","50",10.0143107701605,11.4526380899414,10.7937404218656,8.68629123774905,7.43874447090582
"marketable_yield_today446","500",5.90814426159108,10.2317766847415,10.8456650950998,10.2684232576633,9.37368837367817
"marketable_yield_today447","501",5.20899114429341,9.77275269440587,10.8335411834678,10.0396391187043,9.51369373447716
"marketable_yield_today448","502",4.93806458012014,9.72132773264746,10.7721295329154,10.0960388597545,9.72603969234942
"marketable_yield_today449","503",4.69693229961489,9.56199693521263,10.8672601537046,10.457684281377,10.0570549456304
"marketable_yield_today450","504",4.53086547983261,9.6849680553904,10.7951818051266,10.5452620471503,10.105799583465
"marketable_yield_today451","505",4.94118314349049,10.0746040477601,11.4655611123958,10.8247199438217,10.2881703166772
"marketable_yield_today452","506",9.17561714135754,11.4422511125224,11.092446929441,9.28611530280049,7.97734321816389
"marketable_yield_today453","507",7.98766835316194,11.1541046173492,11.341751326934,9.7746469368234,8.47191885453562
"marketable_yield_today454","508",7.19870907194868,10.2179777577717,10.529060723362,9.39931813020741,8.244203514826
"marketable_yield_today455","509",5.76298209932716,9.37771156691737,9.92115978395992,8.93884959883214,8.15198239727777
"marketable_yield_today456","51",10.1538217914598,11.5705044145591,11.0677841593823,8.70397106713592,7.48259328416271
"marketable_yield_today457","510",6.02493866707449,9.83410617984743,10.2199327129362,9.05099733932604,8.22156201443061
"marketable_yield_today458","511",6.82996527101578,9.88792498661168,10.105197803762,8.75149449451531,7.73473859729089
"marketable_yield_today459","512",7.99970439312058,11.2155249639227,10.8670332435205,9.33712058084823,7.99153725382221
"marketable_yield_today460","513",9.82659709963762,11.8512451133132,11.3483574496376,9.39781736241392,8.02631545015129
"marketable_yield_today461","514",11.2201767396797,13.0742164267555,12.2378112153547,10.2506819135196,8.59716000121165
"marketable_yield_today462","515",11.676998785877,13.3199533338944,12.6661002127331,10.6115315108759,8.92306344033997
"marketable_yield_today463","516",11.859793603264,13.3430253578869,12.3042101501161,10.3640736099861,8.6700195273169
"marketable_yield_today464","517",13.0135669107662,13.5975605354306,12.1672105330346,9.99612066170408,8.23566859834104
"marketable_yield_today465","518",12.3362216596546,13.0268781264669,11.7774320081775,9.45672174894039,7.74469722443115
"marketable_yield_today466","519",11.9144031047695,12.5238999408091,11.3305700762928,9.25205495630977,7.59522947555148
"marketable_yield_today467","52",9.98139315299907,11.136586126448,10.3330970301116,8.47310448430547,7.14495286619663
"marketable_yield_today468","520",10.7908965150357,13.2429565141386,12.5832600507896,10.7227200126169,9.02530070373899
"marketable_yield_today469","521",9.4911792650466,13.0014584128314,12.8855166245726,11.1845129989443,9.7325361475981
"marketable_yield_today470","522",8.37792925648461,12.0121996325518,12.1722568528897,10.5326577946863,9.36478748964192
"marketable_yield_today471","523",8.57215108126605,11.688533739825,12.0427880508965,10.2706270340981,9.08950666944889
"marketable_yield_today472","524",7.74783202112492,11.4453350499418,11.7864408748391,10.6935083219896,9.37584684581908
"marketable_yield_today473","525",3.90442224603043,8.97125982573979,10.6749051415785,10.249984852648,10.2424593388726
"marketable_yield_today474","526",4.04089545538928,9.22284671269473,10.738201676777,10.3486768335869,10.0586635863251
"marketable_yield_today475","527",4.78246074329747,10.0974946138132,11.4759987232646,10.9197147361163,10.5108374265056
"marketable_yield_today476","528",3.83522123977191,7.62778122507162,8.67963796054943,8.29617931667797,7.8022668083778
"marketable_yield_today477","529",3.50567353154882,7.52858863170206,8.7240688266689,8.30526506626434,8.18017942705994
"marketable_yield_today478","53",10.1176862970819,11.1442684171624,10.1944718551918,8.13474472782263,6.88922907600395
"marketable_yield_today479","530",3.69996191881215,7.44096386490795,8.43931178098974,8.18122850030682,7.87003906703896
"marketable_yield_today480","531",4.10043308531758,8.03064308491552,9.07870276445723,8.39194262321138,8.17324603163712
"marketable_yield_today481","532",5.10965413469931,8.94768381943284,9.39919897201554,8.43356260381774,7.92101276629047
"marketable_yield_today482","533",6.15279587457555,9.93436410528142,10.2068558892032,9.03912337331362,8.21612821449408
"marketable_yield_today483","534",7.19168464515431,10.5435934523006,10.7469139162567,9.61884201476472,8.7247029403321
"marketable_yield_today484","535",8.28807275214705,11.4903434861839,11.3258110462672,9.98137921871265,8.67162629587248
"marketable_yield_today485","536",8.25542317927196,12.0564283258004,11.996316594551,10.3258873850959,9.12815162354431
"marketable_yield_today486","537",10.3593526471139,13.1309343677848,12.9263493607562,11.1587350959318,9.48616315410365
"marketable_yield_today487","538",10.71385039429,12.9967162778143,12.4557301117945,10.602255400185,8.84075571762784
"marketable_yield_today488","539",10.4665347093738,13.2658351791055,12.7035933594741,10.8083351764082,9.19621164612602
"marketable_yield_today489","54",10.7665771745939,10.5677464590037,9.63349797886916,7.47486734800627,6.43477870473648
"marketable_yield_today490","540",10.0510061728668,12.8093117914734,12.534188373053,10.8177395417807,9.20131318336135
"marketable_yield_today491","541",9.75614865734739,13.0510260561609,13.0262595306409,11.2528081097023,9.93529994881564
"marketable_yield_today492","542",3.1511274934862,6.81174476212508,7.82119551291659,7.75715178572782,7.52524889635376
"marketable_yield_today493","543",2.31882071543416,5.75831599521478,6.80873579811597,6.89879229835086,7.17078753960351
"marketable_yield_today494","544",2.39982477898463,5.77289344549237,6.98928166865678,6.92652798587983,7.113096035641
"marketable_yield_today495","545",2.49399685438314,5.92980537551689,7.009454502193,7.02266215965404,7.00747948356511
"marketable_yield_today496","546",2.99238909804862,6.60029036962198,7.57670671173531,7.31181070023571,7.29818635637332
"marketable_yield_today497","547",3.29695122515456,6.78671002793479,7.60622606328932,7.20391487360554,6.9341654077538
"marketable_yield_today498","548",4.19141003095874,7.98380349547128,8.76363134150969,8.04785918074286,7.74294998638464
"marketable_yield_today499","549",5.39943672363166,9.32137475678199,9.92014528538744,9.09430690154738,8.48031775552869
"marketable_yield_today500","55",10.4966516412568,11.0097884471205,10.1690974363278,8.32347937742149,7.23242299221365
"marketable_yield_today501","550",5.57011704987297,10.3272181066512,11.3412408898887,10.5246143797803,9.86264610504577
"marketable_yield_today502","551",6.68441144742386,11.0733206678553,11.8355373782301,10.6593781009734,9.62809820339197
"marketable_yield_today503","552",2.51151712298708,6.31049055908857,7.57858019249112,7.40958400688849,7.64286709774512
"marketable_yield_today504","553",2.41596332102155,6.39716890011073,7.49552822490169,7.44329543084665,7.42424303733106
"marketable_yield_today505","554",2.69538083902243,6.34190364192621,7.43725859139377,7.24499643750598,7.27611173900496
"marketable_yield_today506","555",3.09461709875883,7.13964337059846,8.05186076583111,7.59758818171367,7.52645733296916
"marketable_yield_today507","556",3.63805951288728,8.18312650243345,9.1711689232104,8.63820293669601,8.40754463580397
"marketable_yield_today508","557",4.72807901835279,9.41975820139494,10.365110893542,9.61960395955485,8.99199452739782
"marketable_yield_today509","558",4.43642008349369,9.36609070913263,10.7130577515782,9.88945410062669,9.33558543789621
"marketable_yield_today510","559",3.40962152736914,8.0330695254932,9.21770476625086,8.91413777902583,8.79691599592602
"marketable_yield_today511","56",11.2466889222291,11.4628788882063,10.4548572459349,8.34787528272003,7.08991170943065
"marketable_yield_today512","560",3.41266266993012,8.07146609308102,9.3706058831988,9.09929200604358,8.89831894472177
"marketable_yield_today513","561",3.63215486596721,8.40461424640504,9.37301225957916,8.85032335950931,8.86239658690842
"marketable_yield_today514","562",4.17358110379712,8.8477021570634,9.84020009113211,9.20234528983588,8.83747433551142
"marketable_yield_today515","563",4.53696600859742,9.35066852819199,10.285211974742,9.43340140710704,8.97793667530385
"marketable_yield_today516","564",5.05912424741782,9.92826116672044,10.7715198912735,9.82518746036803,9.20757572668467
"marketable_yield_today517","57",10.9006053491969,11.4467353570285,10.5443054158277,8.60848811471625,7.22975165097567
"marketable_yield_today518","58",9.65126409693515,11.0156900922836,10.1776667548868,7.81712608839372,6.89814752683062
"marketable_yield_today519","59",9.91912941429538,11.2325147311831,10.3989606033099,8.48551945972977,7.44168268731671
"marketable_yield_today520","6",9.9054042141108,10.7862271268179,9.99115388130822,8.08485185902883,6.84220550646477
"marketable_yield_today521","60",8.99146022647057,11.0550711787012,10.8045757537364,8.92656211521502,7.7971462304926
"marketable_yield_today522","61",9.00933433273994,10.9383833645822,10.5307420446667,8.61503045263425,7.67056062739968
"marketable_yield_today523","62",8.98537868375289,11.5811838640556,11.5283740418422,9.50617209066563,8.62988377410476
"marketable_yield_today524","63",9.46271887563772,11.4573907759131,11.0215386342258,9.35111786261878,8.20704823013905
"marketable_yield_today525","64",8.42227907159675,11.5498577079619,11.4711124770713,9.64256731506626,8.66012784776646
"marketable_yield_today526","65",8.95089146392481,11.575176915733,11.2559599565792,9.52199592867452,8.38068552484322
"marketable_yield_today527","66",8.90615157557668,11.4282985701812,10.9040303493321,9.04338591965345,8.01450051190043
"marketable_yield_today528","67",8.13257930917517,10.8760197746386,10.7115172478256,8.97985293270868,8.05237118077752
"marketable_yield_today529","68",8.60705471587391,10.8904084106313,10.4727150189657,8.52087740772761,7.59729057829045
"marketable_yield_today530","69",8.66482755822354,10.7443442071476,10.3383371922248,8.52547027742671,7.50669639955864
"marketable_yield_today531","7",9.48797327670915,10.8884055108816,10.341466400437,8.04633018940038,6.8304092388706
"marketable_yield_today532","70",8.17241678596262,10.6170999144553,10.457299139798,8.60296738593633,7.72496829879442
"marketable_yield_today533","71",8.30930855272396,10.62535494534,10.366862695583,8.73716962197689,7.62577518820078
"marketable_yield_today534","72",10.3018055324476,11.8462756210054,11.0496229824862,8.94619499268349,7.77854029305553
"marketable_yield_today535","73",10.8291670091898,11.3205517336454,10.5197949117635,8.30146367667786,7.10494984729418
"marketable_yield_today536","74",10.1189241386315,11.5803133288737,10.9186799428105,8.79434100082128,7.54360025124544
"marketable_yield_today537","75",10.1309016525474,11.0764975521919,10.1444908087579,8.0635519608574,7.05251431802919
"marketable_yield_today538","76",10.1396099084875,11.38103197387,10.5171692416594,8.49361192592762,7.12941242502211
"marketable_yield_today539","77",9.75588075418548,11.4055917518858,10.8403469393692,8.73669100661908,7.60724179391467
"marketable_yield_today540","78",10.1584141998643,11.4362233228338,10.5550103056918,8.55229974819893,7.30324455733528
"marketable_yield_today541","79",9.40413765403669,11.7250363603916,11.3337332401168,9.32079627325615,7.93938742619876
"marketable_yield_today542","8",9.76490106169583,11.4523982634859,10.5405279168225,8.35946205615972,7.11107697316189
"marketable_yield_today543","80",10.1099950679377,11.7030366722397,10.9762960384518,8.78563070542795,7.89305195599414
"marketable_yield_today544","81",11.1931246099264,11.5577840497354,10.6334571022938,8.50153097368614,7.18786061798964
"marketable_yield_today545","82",10.70512946098,11.6686962595325,10.7625988647292,8.78273835255768,7.37181603296089
"marketable_yield_today546","83",10.0063901641762,10.8053069022406,9.96083128914174,7.98317752767032,6.59935817375518
"marketable_yield_today547","84",10.192513823888,11.5516629366624,10.7363276214804,8.81240998176722,7.55995665234145
"marketable_yield_today548","85",9.87429014972382,11.1608178158514,10.2419442637911,8.42429582296002,7.11570201295299
"marketable_yield_today549","86",9.80518906602036,11.6825521562159,11.0072560033113,8.88985191055556,7.81593513541971
"marketable_yield_today550","87",9.89839473638093,11.7538133462373,10.9989600197887,9.06782950531393,8.06424350817935
"marketable_yield_today551","88",10.0512484362121,11.9699844466635,11.3787165150237,9.30651701061509,8.20850902938265
"marketable_yield_today552","89",8.62050828667448,11.7206744096376,11.520662174374,9.55904951952135,8.68332099496563
"marketable_yield_today553","9",9.61482579509387,10.6353155474855,9.47689738180758,7.4759742207421,6.35717587181683
"marketable_yield_today554","90",9.31782524060231,11.4991743182478,11.2659744709217,9.3724809324493,8.35848001659858
"marketable_yield_today555","91",8.47230187608124,11.2379258906971,10.9082980396677,9.07314009203243,8.15835381811127
"marketable_yield_today556","92",8.86464621767989,11.5097757961985,11.2780068582611,9.66124987133378,8.60691680276047
"marketable_yield_today557","93",8.69942144108204,11.1536042236985,11.1487776677162,9.31580260551469,8.25914799161728
"marketable_yield_today558","94",8.73247924324254,10.2651143450701,10.2950666576198,7.74744163360254,7.13860978162353
"marketable_yield_today559","95",8.25710158143876,11.0181615392871,10.9357923059091,9.22408013721695,8.23034554350614
"marketable_yield_today560","96",7.72638378131214,10.3644821592219,10.5199242801334,8.78193947931423,7.87451974956972
"marketable_yield_today561","97",8.12499790815731,10.7867501015994,10.6747293638262,8.86224646663517,7.98880174366928
"marketable_yield_today562","98",8.17505658077787,10.6999028954601,10.4010915618593,8.6976227422273,7.89575301076863
"marketable_yield_today563","99",10.8180544757085,11.5406544836246,10.529677218748,8.41372891534902,7.10926437843852
