"","id","ssp1","ssp2","ssp3","ssp5"
"marketable_yield_ssp1","1",11.7336860789101,3.69404429268609,-17.1301853280155,-26.7064387798893
"marketable_yield_ssp11","10",10.6120855576001,-0.0694609743006502,-19.943935651154,-31.5947699319195
"marketable_yield_ssp12","100",2.34049521358946,-7.50656071127544,-28.4150714026414,-41.0991313938706
"marketable_yield_ssp13","101",8.11406220454352,-1.89792643706706,-24.5605132068847,-36.7317046969863
"marketable_yield_ssp14","102",5.4627166992562,-6.73090107084082,-27.0344061806632,-41.2994293333601
"marketable_yield_ssp15","103",8.26655629648872,-1.29639806719446,-22.4252600420223,-36.0811325375703
"marketable_yield_ssp16","104",18.7900750051514,13.3956082512634,-6.28767213046553,-19.0688163101943
"marketable_yield_ssp17","105",19.176909225179,10.8974963185194,-10.5921459457265,-22.7544996290364
"marketable_yield_ssp18","106",9.7472379560562,3.88498950300987,-19.4224801242835,-34.2822346267041
"marketable_yield_ssp19","107",11.4842519782891,4.0542805877131,-16.8971412407413,-29.5828479857436
"marketable_yield_ssp110","108",9.1793084698592,-1.97637835394202,-22.7044350078362,-36.1120369822993
"marketable_yield_ssp111","109",-2.31497364048034,-14.7518249312007,-35.7569628676552,-50.6728087213754
"marketable_yield_ssp112","11",18.6301199118494,10.7574332679113,-10.6404913587206,-22.7740386568839
"marketable_yield_ssp113","110",7.16052423793991,-4.33280302657353,-25.3490283345503,-39.3667220460702
"marketable_yield_ssp114","111",-0.754786693123854,-11.352367815028,-31.9085786712212,-46.66042464305
"marketable_yield_ssp115","112",-1.09450746047148,-11.2147929241249,-32.5254828632026,-45.7612482195308
"marketable_yield_ssp116","113",4.68258983296051,-4.34343903403732,-25.5753611369633,-40.4017547095239
"marketable_yield_ssp117","114",16.6737556144154,8.95082852253671,-13.0031778470691,-25.3309410041546
"marketable_yield_ssp118","115",28.5274847701172,22.8437621355456,3.98177333191468,-6.24792279072308
"marketable_yield_ssp119","116",19.9957521069573,14.903718360479,-5.48922605511379,-18.1732742732988
"marketable_yield_ssp120","117",27.7325563317503,24.6527833287339,6.23983626631473,-4.40659768049294
"marketable_yield_ssp121","118",22.6345312991024,22.3175441028986,3.81022928520771,-6.66653102784384
"marketable_yield_ssp122","119",18.9110732557551,15.9719719976346,-1.08425175207742,-11.5848761088839
"marketable_yield_ssp123","12",23.7810720831539,15.8117237248111,-6.93041213441717,-20.2744912352752
"marketable_yield_ssp124","120",29.8306937953481,30.6286849441752,12.2204604933541,2.67436499409819
"marketable_yield_ssp125","121",32.1128734601756,32.208809430311,14.7624985189785,4.09432307987324
"marketable_yield_ssp126","122",36.4809242021855,37.1318858384012,23.8577724261239,14.778543020095
"marketable_yield_ssp127","123",35.1530773794072,38.2086984487032,22.1240503643338,13.9727828736638
"marketable_yield_ssp128","124",29.1865895255607,27.3776473995172,11.3962084659319,3.8568161652199
"marketable_yield_ssp129","125",22.4015922936446,20.272255311275,1.74109121144985,-6.83315084806082
"marketable_yield_ssp130","126",-5.20180416117304,-19.0798871256844,-39.8114290354378,-53.0870133145371
"marketable_yield_ssp131","127",5.53665651317219,-6.7854327208105,-27.3119999274552,-40.848380286664
"marketable_yield_ssp132","128",-6.40257944520599,-21.714294968593,-43.1854011820595,-56.9153378345958
"marketable_yield_ssp133","129",-0.827368784671449,-13.2263465282134,-33.6751624117792,-46.7825479390694
"marketable_yield_ssp134","13",18.3584628058859,10.5200678515102,-10.9897122485028,-20.9150092467845
"marketable_yield_ssp135","130",5.88448322108007,-6.443211657052,-25.3288166860288,-41.2986886341394
"marketable_yield_ssp136","131",-9.0176677077776,-24.2161964775026,-46.0496384354552,-61.4590460132389
"marketable_yield_ssp137","132",-9.26991482980094,-23.8165046199332,-44.7245298471871,-59.8128907374918
"marketable_yield_ssp138","133",-0.596224433356909,-15.8357482701586,-35.8924265368244,-46.9543131245997
"marketable_yield_ssp139","134",1.9827612230684,-7.50918426054429,-28.1044785408616,-41.7241471466925
"marketable_yield_ssp140","135",-3.11596413471838,-15.912643533324,-35.5333929190386,-47.9074728444863
"marketable_yield_ssp141","136",-2.90706350987518,-15.4963213641565,-37.5929981309755,-50.4988392820834
"marketable_yield_ssp142","137",6.27559660771603,-6.41506235447689,-26.3763452007597,-40.1483761919196
"marketable_yield_ssp143","138",14.3336689170301,5.88019771796644,-15.5838848564047,-28.634565036021
"marketable_yield_ssp144","139",10.1665911643472,2.65574537279765,-20.6088743785156,-35.494475000783
"marketable_yield_ssp145","14",19.9293872548913,12.01796032956,-9.25853353815711,-22.5534282932929
"marketable_yield_ssp146","140",20.5249113474919,14.3469809969918,-8.73269122998014,-21.7405507369959
"marketable_yield_ssp147","141",6.09152702630432,-4.64890186918433,-29.7686290014637,-42.9089764364368
"marketable_yield_ssp148","142",16.9045781713935,8.1413762389298,-13.6484608468425,-26.6791875355497
"marketable_yield_ssp149","143",6.24195295193104,-6.54288082646284,-26.8302829375978,-41.2703003161774
"marketable_yield_ssp150","144",15.506492086159,8.31452132329478,-13.6490922343939,-26.7505107270929
"marketable_yield_ssp151","145",9.3035708335991,-0.647354051613362,-22.5607491735434,-35.2386807326773
"marketable_yield_ssp152","146",16.0534304758223,5.68962528546656,-13.1353330473392,-23.3042837798389
"marketable_yield_ssp153","147",14.0730708373897,7.95600510540872,-12.3942362370788,-26.1550517753381
"marketable_yield_ssp154","148",16.1177665387285,11.526592651478,-11.5385593399073,-22.7912926739556
"marketable_yield_ssp155","149",10.4741509110805,3.23556154689751,-18.6060848992348,-32.0608593886195
"marketable_yield_ssp156","15",23.3974019231806,18.5589093805849,-1.39969804250773,-15.9520130140958
"marketable_yield_ssp157","150",18.3957533711225,10.887562900232,-8.13372254756256,-24.2321595530564
"marketable_yield_ssp158","151",21.1653322036103,17.1718248024532,-2.45192243092426,-15.3775198973965
"marketable_yield_ssp159","152",25.6014518036058,23.1562445396612,3.91370210957721,-6.86477516324208
"marketable_yield_ssp160","153",30.3711229281105,27.7129201438615,10.2274978003973,2.1808777907053
"marketable_yield_ssp161","154",29.4311883879624,30.8674524736758,12.8623630187317,3.97465546853911
"marketable_yield_ssp162","155",32.5732035596677,32.365830788596,16.6689044776139,8.81795433367395
"marketable_yield_ssp163","156",33.1284407230667,36.3878632271854,21.3784477266207,13.4320886652667
"marketable_yield_ssp164","157",33.6876455523208,35.9933706874799,21.1524405876554,12.1491882574923
"marketable_yield_ssp165","158",28.731168994233,28.5609717214932,11.7259644422672,5.50476607520724
"marketable_yield_ssp166","159",32.1703917740813,32.6462905263902,16.0454129857999,8.41561702307018
"marketable_yield_ssp167","16",15.8828183788551,8.16313498109309,-12.3454265728977,-23.3355690635072
"marketable_yield_ssp168","160",35.7792313069458,38.0743406399954,22.3986064103516,12.6986037615875
"marketable_yield_ssp169","161",38.3349782787936,44.1598246454818,28.7211400239049,22.876752699454
"marketable_yield_ssp170","162",-5.42311512076513,-18.6275141384966,-38.8154843225623,-51.6121839583314
"marketable_yield_ssp171","163",-7.87740883218403,-20.2588631111205,-41.4737951949272,-53.5895537396407
"marketable_yield_ssp172","164",-10.906524951777,-23.7321365898546,-45.5363144648884,-60.3184598255125
"marketable_yield_ssp173","165",-5.86329539666703,-19.1298018949163,-41.1481484407003,-56.9149174153443
"marketable_yield_ssp174","166",0.440272570537736,-11.5923360762921,-32.4278002090233,-47.7500414217212
"marketable_yield_ssp175","167",-1.36125784615169,-14.8764325855797,-34.9155565072984,-49.8814797811071
"marketable_yield_ssp176","168",-2.79891563289253,-15.6914473178357,-35.2734938392251,-50.2101720284093
"marketable_yield_ssp177","169",-1.45426632491166,-13.761383125818,-32.2745412586646,-48.2487927359912
"marketable_yield_ssp178","17",15.0726274282101,11.0877465345269,-10.4320662920214,-22.8518576563249
"marketable_yield_ssp179","170",-5.54414139510925,-18.9797482412548,-40.2123767608864,-52.2209591367947
"marketable_yield_ssp180","171",-6.56912134744561,-20.0422425953473,-40.2149673639593,-56.8454589289825
"marketable_yield_ssp181","172",6.0942784166699,-4.36567794350328,-25.269428032462,-38.9691387591892
"marketable_yield_ssp182","173",2.09258962568819,-7.66090119565716,-26.7466189298024,-40.5252253681049
"marketable_yield_ssp183","174",-6.01542590516953,-17.3571593492514,-37.0195459395053,-53.7084680841568
"marketable_yield_ssp184","175",9.24468458327391,1.72276940327425,-21.8831505250464,-35.9663043463372
"marketable_yield_ssp185","176",3.18766214267159,-4.90452693014586,-26.0282955950735,-41.0836204229614
"marketable_yield_ssp186","177",2.13653806085617,-8.24547362991463,-31.0739991388099,-45.2196208047712
"marketable_yield_ssp187","178",12.3312379070875,3.23778072172395,-16.6335953926162,-31.2924755535487
"marketable_yield_ssp188","179",14.4600255077777,6.74385184513667,-14.8591492826419,-30.7610054993581
"marketable_yield_ssp189","18",13.4332443655231,7.27140549597561,-10.7379384945365,-23.2617654241289
"marketable_yield_ssp190","180",9.63759172798595,1.1318735932152,-20.983510744499,-37.2769053699205
"marketable_yield_ssp191","181",12.9033606588949,4.80164562270273,-18.6027563348644,-30.8439587558101
"marketable_yield_ssp192","182",24.3203359731149,19.4598555334614,-0.414902086916982,-14.4804988927691
"marketable_yield_ssp193","183",20.4307205162821,15.944301241434,-5.05861205999667,-17.6644471423706
"marketable_yield_ssp194","184",26.6466518831054,25.0157721288127,4.7864951317791,-6.77722722967763
"marketable_yield_ssp195","185",22.9009454499681,17.9166753858657,-0.381784943666617,-13.5433267802601
"marketable_yield_ssp196","186",22.7112428931925,16.1421221846823,-2.46581605625744,-17.4172020180699
"marketable_yield_ssp197","187",21.6449678899538,19.503565013387,1.30572270469596,-15.0372343117303
"marketable_yield_ssp198","188",18.4244607625407,13.8999649171476,-7.05844710494652,-23.076078889246
"marketable_yield_ssp199","189",17.0257158500817,12.4187121002095,-6.59170969406542,-20.425092727768
"marketable_yield_ssp1100","19",14.8272038986243,5.01256212280715,-13.816002582526,-24.1823022034502
"marketable_yield_ssp1101","190",30.9213265703845,30.545261390376,12.6757995503389,1.2582166275279
"marketable_yield_ssp1102","191",36.5674709704181,40.0431451590526,25.2386082864166,16.2671850200949
"marketable_yield_ssp1103","192",39.212892649672,45.2353957303151,29.0891516196609,22.5772414672066
"marketable_yield_ssp1104","193",36.0359254930837,41.3906370304251,28.0042501015281,20.6929685046357
"marketable_yield_ssp1105","194",36.1272919506388,42.430612550414,28.9576879338471,18.2113235851881
"marketable_yield_ssp1106","195",34.9051233086739,40.1054829637743,26.2050442001367,14.997703780024
"marketable_yield_ssp1107","196",35.7894508108599,40.6427781936835,25.0036089826884,16.4563476007112
"marketable_yield_ssp1108","197",39.1743134769515,44.9514790572934,32.4019681522278,21.4200120355509
"marketable_yield_ssp1109","198",45.5212472631951,55.572151819043,43.1664635561778,36.0506956084878
"marketable_yield_ssp1110","199",-0.123707023756392,-10.2487993772904,-32.360969424309,-48.9340485682376
"marketable_yield_ssp1111","2",15.1558935540331,5.86149974233356,-12.2977736267822,-26.4534469509356
"marketable_yield_ssp1112","20",8.20626187878331,2.2774115297943,-16.5674798291733,-29.0295544662031
"marketable_yield_ssp1113","200",-0.0991167929037751,-12.776006601938,-33.1338844782651,-48.8143128739652
"marketable_yield_ssp1114","201",-1.78722719302785,-15.4213006963848,-35.3946009704181,-49.9374769602858
"marketable_yield_ssp1115","202",-3.89734403328077,-16.496151602561,-37.6446052369352,-51.136905765919
"marketable_yield_ssp1116","203",-3.88479675150917,-17.5262317351608,-38.206837908146,-54.277915539844
"marketable_yield_ssp1117","204",-5.07948854655851,-19.0782763473965,-39.2600542570168,-54.820670074617
"marketable_yield_ssp1118","205",-7.42718905432337,-21.0485520339918,-42.4944425978382,-59.0584607862899
"marketable_yield_ssp1119","206",-11.3617275238796,-24.2452217808709,-44.7341840441297,-59.5924006826967
"marketable_yield_ssp1120","207",-4.21539937602427,-15.4320677712919,-33.602820001828,-46.9221391256167
"marketable_yield_ssp1121","208",-5.76714400552087,-16.7979390716383,-40.4110873240018,-53.7367200361861
"marketable_yield_ssp1122","209",2.73315963011227,-6.77610009396272,-28.893557445367,-44.0292875153815
"marketable_yield_ssp1123","21",8.94897389187472,-0.732033669884196,-21.7839358089537,-34.3332239741387
"marketable_yield_ssp1124","210",5.16761124809612,-5.29136016456661,-26.6480276174229,-40.4523613741503
"marketable_yield_ssp1125","211",0.599623204888768,-11.5597350703968,-32.3828033287165,-47.326429469532
"marketable_yield_ssp1126","212",1.69361209838083,-9.64585459074685,-30.7362101707178,-44.2637662238351
"marketable_yield_ssp1127","213",8.98164345813141,1.16858724938742,-17.9882065736687,-30.2237364425085
"marketable_yield_ssp1128","214",1.08337497024417,-8.81945836358373,-30.5759584575936,-44.2483708453744
"marketable_yield_ssp1129","215",14.0735287093049,8.12340755459728,-14.6540807346183,-26.7404103083898
"marketable_yield_ssp1130","216",3.68736491411163,-5.57734737873229,-25.7618370942312,-41.410440540394
"marketable_yield_ssp1131","217",13.7409416325209,7.55545584321746,-15.758377476007,-30.2324273120088
"marketable_yield_ssp1132","218",10.0091739190321,4.89727524131727,-17.1153521338797,-31.5662959742037
"marketable_yield_ssp1133","219",13.9837485513498,6.97089491528194,-12.4829447928443,-26.5455980852944
"marketable_yield_ssp1134","22",-3.05403849006513,-11.2988270922598,-30.834901421126,-42.4511904152188
"marketable_yield_ssp1135","220",24.7414084467567,18.2236329537364,-0.311860612419412,-12.6020957798873
"marketable_yield_ssp1136","221",25.7025673802874,23.2464966386294,2.44735930783808,-12.0414071352757
"marketable_yield_ssp1137","222",20.0810780576604,14.4191190791223,-4.37755872481636,-18.4907586017144
"marketable_yield_ssp1138","223",12.8847106042437,7.93029333117607,-12.4953610368192,-27.2109441818599
"marketable_yield_ssp1139","224",21.6488553882213,16.9413289114544,-0.358878092301875,-12.188281923289
"marketable_yield_ssp1140","225",19.2917104597777,13.7684147421167,-4.30899280676442,-17.9734117292473
"marketable_yield_ssp1141","226",24.6351149857013,19.5194952993133,2.62820548291701,-11.0514923812851
"marketable_yield_ssp1142","227",31.8975182371017,31.5712661701554,17.053906808433,5.71965138765662
"marketable_yield_ssp1143","228",36.2079335654927,44.227049362985,28.1376419135299,20.397281816096
"marketable_yield_ssp1144","229",38.2993596493204,46.0235461806741,35.1521969909096,29.1077580662837
"marketable_yield_ssp1145","23",13.5551980238622,5.4513612410322,-13.6897505849501,-28.7640578351247
"marketable_yield_ssp1146","230",37.5698480083283,43.7422417918217,33.5569454480098,26.9267887554373
"marketable_yield_ssp1147","231",41.0350114779651,46.1614562959136,36.0452573844948,27.9368634897644
"marketable_yield_ssp1148","232",44.5568716727423,51.3741107536891,37.5815714107002,26.3337680418666
"marketable_yield_ssp1149","233",37.0326251860693,39.7552469175108,25.1053861195994,13.3710437159314
"marketable_yield_ssp1150","234",42.268395510672,45.7786576195329,32.5020930160887,20.8920001334551
"marketable_yield_ssp1151","235",45.6065916245598,53.4453647810313,41.8287324876929,33.5904494074367
"marketable_yield_ssp1152","236",-10.2599068772623,-24.4831698851528,-48.6339078607131,-63.95772682445
"marketable_yield_ssp1153","237",-2.10574549424082,-15.635073570682,-36.3283357097262,-50.9062652727526
"marketable_yield_ssp1154","238",-10.2245632970823,-24.3262704462701,-45.5616859014341,-62.6320315893268
"marketable_yield_ssp1155","239",-3.49762319795479,-16.7590425693979,-38.8704209648582,-53.3139669751723
"marketable_yield_ssp1156","24",5.50096359394741,-4.92762164301766,-24.4179296477319,-36.4874786980196
"marketable_yield_ssp1157","240",0.338465521894253,-10.6224694327584,-32.1184600990756,-45.8975344353391
"marketable_yield_ssp1158","241",1.52470591811865,-11.0815932521151,-32.5736008774649,-47.8267444251629
"marketable_yield_ssp1159","242",-0.295430829521877,-10.5066387160044,-33.4557349671225,-47.0984391571237
"marketable_yield_ssp1160","243",-5.46828596550014,-21.3478272419878,-40.4640288754486,-55.6597456577215
"marketable_yield_ssp1161","244",0.856503774161563,-9.31418636087921,-29.6089832545907,-42.3890293570868
"marketable_yield_ssp1162","245",-4.27192664536975,-13.4737029006366,-35.2599865325574,-48.2376525345875
"marketable_yield_ssp1163","246",6.59779402915172,-4.68787028226991,-25.6623724364882,-38.4558562974205
"marketable_yield_ssp1164","247",7.57927643019073,-1.19116051420287,-24.0101411628775,-37.7582365796873
"marketable_yield_ssp1165","248",4.23455114768457,-7.07531182262729,-28.1195188774096,-41.2549698838575
"marketable_yield_ssp1166","249",8.76418588624714,-1.34146703296482,-19.8624039695839,-34.8297138459088
"marketable_yield_ssp1167","25",4.22664325773624,-5.35264507907495,-26.2675526511366,-38.1074320080617
"marketable_yield_ssp1168","250",11.7532199473358,3.28636726079996,-16.7873590832539,-31.8677569347616
"marketable_yield_ssp1169","251",6.12872019594304,-1.8960424725512,-23.5977640980531,-37.4123741029291
"marketable_yield_ssp1170","252",9.46346721220953,1.06574355494404,-18.2543068606507,-33.4975933747349
"marketable_yield_ssp1171","253",6.92946662703841,0.417445119950504,-19.9090399420259,-32.6536410353218
"marketable_yield_ssp1172","254",7.0138610846684,-0.066673371934467,-19.3097798575196,-33.3371621822278
"marketable_yield_ssp1173","255",11.919775797401,6.91904369096818,-12.7240469349057,-26.1447797217853
"marketable_yield_ssp1174","256",15.886920420221,10.2549252916213,-9.16597316199711,-23.7823177234225
"marketable_yield_ssp1175","257",14.9540901304574,10.4745387211425,-9.72107544145615,-23.4720173087685
"marketable_yield_ssp1176","258",24.4577904777171,22.7771330026078,5.29433521310869,-7.29790350207411
"marketable_yield_ssp1177","259",33.3696820721846,35.528827528235,19.843866634537,9.19328500450257
"marketable_yield_ssp1178","26",13.5809490231238,4.77527296839847,-16.5442690436564,-28.1825793064924
"marketable_yield_ssp1179","260",27.2271855922275,30.9940451050888,13.1347273507089,2.54260728791678
"marketable_yield_ssp1180","261",32.1153371168021,34.208483724161,17.8575940437072,7.09601755694848
"marketable_yield_ssp1181","262",33.4503623025295,38.7172770861324,25.0902712893505,14.6376749761925
"marketable_yield_ssp1182","263",39.3704160743221,45.1082299570586,33.5753977458253,24.8134462274202
"marketable_yield_ssp1183","264",44.2102908542035,57.5430483580065,49.7541621774149,44.1029329776184
"marketable_yield_ssp1184","265",41.8671579866143,51.3930561529986,40.7463077696299,35.7006987778431
"marketable_yield_ssp1185","266",37.0757664101939,44.0387056117624,32.0446605985861,26.170079558861
"marketable_yield_ssp1186","267",42.6956609500214,47.8124491782641,35.6071404103002,26.5230666894368
"marketable_yield_ssp1187","268",46.7324730144942,51.9189391204071,38.0417075491092,26.7708364070352
"marketable_yield_ssp1188","269",40.9948832923191,45.1886623795248,29.9995660317676,19.2969849994247
"marketable_yield_ssp1189","27",14.3305015084905,7.52625514911594,-13.4910915248243,-24.8798660028915
"marketable_yield_ssp1190","270",47.7282803995358,53.4171952593184,38.3867267805506,27.0465786846014
"marketable_yield_ssp1191","271",46.5347362439679,52.0985303156116,37.7830625916315,28.5266504181265
"marketable_yield_ssp1192","272",-13.6487277632689,-27.6059110714019,-50.1505205243263,-66.217527179084
"marketable_yield_ssp1193","273",-7.03948738590954,-20.325313485675,-40.8637476839065,-57.1670396362358
"marketable_yield_ssp1194","274",-4.54581863383725,-17.4248437585056,-38.3248279255786,-51.474057243436
"marketable_yield_ssp1195","275",-5.59624742172982,-18.8496919056436,-40.1330573209866,-53.5321883703853
"marketable_yield_ssp1196","276",-3.96158266398611,-18.3130494770175,-38.3198139907078,-56.597187469574
"marketable_yield_ssp1197","277",-6.15533280314599,-20.9726118050085,-43.6078531749854,-60.6755638051555
"marketable_yield_ssp1198","278",-3.11215456327066,-16.2576091105872,-36.4312333195136,-53.8672298997557
"marketable_yield_ssp1199","279",2.20996082385447,-10.9687780059983,-31.8939699810618,-48.8911218967242
"marketable_yield_ssp1200","28",14.0232427206516,7.28173692357601,-13.6703671921849,-27.1361270355695
"marketable_yield_ssp1201","280",8.03882562377295,-2.53787582074477,-23.8103689677416,-38.1596818634873
"marketable_yield_ssp1202","281",2.19637105244402,-10.0449178376778,-31.1966695677467,-47.1721906643143
"marketable_yield_ssp1203","282",7.61577547505736,-2.78087855856505,-21.1857556688475,-36.2242422000295
"marketable_yield_ssp1204","283",5.99897349492197,-2.7250108018924,-22.8808959620181,-37.621385909089
"marketable_yield_ssp1205","284",13.1938526835508,5.85664563355419,-11.2409757595976,-24.7768431802263
"marketable_yield_ssp1206","285",2.02103264426549,-7.27810358813484,-25.6408710025702,-38.2221751519341
"marketable_yield_ssp1207","286",15.2910021528622,6.31414568396689,-9.82277272017814,-22.1475668731138
"marketable_yield_ssp1208","287",16.1879766751505,8.97693422224799,-6.2633664862989,-20.2756603081762
"marketable_yield_ssp1209","288",19.7958548400591,16.7914987031529,-0.546210884956917,-12.0786714082209
"marketable_yield_ssp1210","289",23.8876309663099,22.7508309062491,5.8981606602433,-7.46933543985173
"marketable_yield_ssp1211","29",15.6003690459666,11.3433624005132,-8.94532164461955,-22.297213946739
"marketable_yield_ssp1212","290",25.185901743245,24.1590364736865,8.97944235496762,-3.64425921538677
"marketable_yield_ssp1213","291",31.5315271748064,33.9677725929504,18.4235312039704,7.34537688172123
"marketable_yield_ssp1214","292",31.998143909583,34.5018610681289,21.1243586078674,9.54266260378366
"marketable_yield_ssp1215","293",37.3544367636066,45.3750957779025,32.6774103966056,24.9330766117749
"marketable_yield_ssp1216","294",35.5979512746885,39.4371043593142,29.8053091992695,22.4248652837283
"marketable_yield_ssp1217","295",38.8797944749978,44.4922910528621,36.5048835795125,30.8680988716976
"marketable_yield_ssp1218","296",34.3119148769431,42.0358746565255,33.9113332668589,28.6398771170782
"marketable_yield_ssp1219","297",38.2467994972562,47.5336792373285,41.8217412357537,39.3256328252451
"marketable_yield_ssp1220","298",38.0637323758722,47.6700778653263,40.0124924460488,37.615075952052
"marketable_yield_ssp1221","299",43.4681971095474,54.2901367314477,48.3373795988043,45.6563915794116
"marketable_yield_ssp1222","3",14.2271870176066,5.70591234690452,-13.0175234314072,-23.6593547135181
"marketable_yield_ssp1223","30",13.2426167586639,5.66935522218943,-13.5197882586226,-25.327837614087
"marketable_yield_ssp1224","300",42.505270471053,51.3031287328896,44.6750020052492,37.7129331664282
"marketable_yield_ssp1225","301",45.4185698397288,51.675297165281,42.1705627444788,31.6105656471077
"marketable_yield_ssp1226","302",42.6957539944133,46.1996994137536,34.6602711978704,24.8962210177779
"marketable_yield_ssp1227","303",40.058213634917,45.2394504910094,32.0174072590816,22.7106528666022
"marketable_yield_ssp1228","304",43.9005333546798,48.5473515349084,36.1816960213909,25.3022237817365
"marketable_yield_ssp1229","305",50.5563071086017,56.159995020551,44.3331316783941,33.6641705499252
"marketable_yield_ssp1230","306",-1.32898388085207,-16.1116198757961,-39.4881822400419,-59.4729829383932
"marketable_yield_ssp1231","307",-7.53499888493195,-21.6733249040541,-42.707040916682,-57.9479841099054
"marketable_yield_ssp1232","308",-7.9437938784508,-20.7193812101497,-42.8925783310169,-60.6484723880031
"marketable_yield_ssp1233","309",-14.3491598669676,-29.4345076617641,-50.0064470295432,-65.5987741997795
"marketable_yield_ssp1234","31",17.4426039641627,10.9665038499245,-7.60292922328659,-21.6001994295762
"marketable_yield_ssp1235","310",-2.23130280497628,-16.7735065992688,-38.2448647562627,-53.4881923547618
"marketable_yield_ssp1236","311",-14.1326362762408,-26.8880439749217,-48.420032895337,-66.2513216688317
"marketable_yield_ssp1237","312",-1.10182189694653,-11.0137807637137,-32.4202045978278,-48.6210892985682
"marketable_yield_ssp1238","313",6.95866942342619,-1.28712939348175,-20.9121798742899,-36.1788621626694
"marketable_yield_ssp1239","314",10.0933194972276,4.50757947723078,-16.9435294888297,-31.1168041248888
"marketable_yield_ssp1240","315",11.3522856865996,3.49024819234101,-13.681401861892,-25.8839943365331
"marketable_yield_ssp1241","316",14.2231635790853,7.52241498562341,-9.4502468744388,-19.3687516100065
"marketable_yield_ssp1242","317",15.8651075886484,10.4070854320041,-3.54192707802021,-16.0805950298721
"marketable_yield_ssp1243","318",16.5284775659301,13.6591047936981,-0.668152882134958,-12.2303804827264
"marketable_yield_ssp1244","319",16.6804852407837,11.8453367221409,-2.676136069543,-12.9005472070711
"marketable_yield_ssp1245","32",16.1185835896456,10.1636795095482,-8.4806095118838,-21.4067585598733
"marketable_yield_ssp1246","320",24.9832016432466,27.0254344993924,12.1101148324723,2.60487622609943
"marketable_yield_ssp1247","321",28.1854428631753,30.9987288747429,20.0711450016627,9.96395675854258
"marketable_yield_ssp1248","322",25.8096529876974,30.2109966213299,17.3928892713455,8.25013824508532
"marketable_yield_ssp1249","323",33.6682175358038,40.6082845949503,30.0187936601285,22.2898698209623
"marketable_yield_ssp1250","324",37.3200112013501,45.6102399420049,37.3408137813742,31.3990214305699
"marketable_yield_ssp1251","325",35.4151785419924,45.0770516365058,36.0562929899024,30.7674367105581
"marketable_yield_ssp1252","326",36.6824596006597,47.6711874379249,40.2050497118364,37.1365232689023
"marketable_yield_ssp1253","327",38.3269647091628,49.7894302531408,43.1290887276,39.4334812073672
"marketable_yield_ssp1254","328",35.1822143252347,47.7902020396836,43.3242412500308,42.5974350373872
"marketable_yield_ssp1255","329",35.404275165014,51.1542381780404,46.0679615304012,43.7239026746026
"marketable_yield_ssp1256","33",18.6933661369081,11.6860541682398,-7.52329682230418,-21.6810101746126
"marketable_yield_ssp1257","330",36.607726736633,48.6645675110672,47.8274075555858,46.2394383543976
"marketable_yield_ssp1258","331",40.6079544052538,55.1329116215087,51.0461657485495,49.1809328426873
"marketable_yield_ssp1259","332",42.6373108133537,55.134271753678,52.6937547176948,49.4735662799197
"marketable_yield_ssp1260","333",45.5942886847117,56.3881777180173,51.0136606799487,45.2673604292453
"marketable_yield_ssp1261","334",47.6623277809348,57.4937907005033,48.034088279558,40.5908874640754
"marketable_yield_ssp1262","335",44.1432091197816,53.4777070858347,43.8465510205639,35.21619505317
"marketable_yield_ssp1263","336",49.736364168209,60.3025959475934,50.7022306903016,42.5916657223009
"marketable_yield_ssp1264","337",-9.22844423742141,-26.3715277304481,-48.4486706399989,-67.4761404492953
"marketable_yield_ssp1265","338",-9.72095739374073,-25.7618450009761,-47.1670479124789,-66.0484112877363
"marketable_yield_ssp1266","339",-15.5164773273131,-31.6397435697362,-52.7223953872322,-70.5363797194998
"marketable_yield_ssp1267","34",15.7424540202952,9.87835826308173,-10.9611525682734,-24.6926506537687
"marketable_yield_ssp1268","340",-3.90931815954175,-17.7562913795954,-38.3466778078429,-54.818126847099
"marketable_yield_ssp1269","341",-3.21647482510675,-18.0239163230187,-39.1133643848197,-54.6376079630452
"marketable_yield_ssp1270","342",-5.86881584154098,-20.6858530036685,-42.906892207469,-59.6674995805546
"marketable_yield_ssp1271","343",-2.87770605461144,-16.0852664272807,-36.9171618037158,-51.736595331808
"marketable_yield_ssp1272","344",-0.837786120197617,-12.3547461981733,-30.664629953845,-45.3083995865016
"marketable_yield_ssp1273","345",10.7705104718436,1.50886836920687,-16.1677023239954,-28.937093576941
"marketable_yield_ssp1274","346",10.6867566548527,4.48418089150058,-8.80145170769772,-23.7205713924887
"marketable_yield_ssp1275","347",20.1177998125165,17.8188526732391,6.2278939641252,-5.90413516508523
"marketable_yield_ssp1276","348",25.4056921924207,25.295119196422,12.6172981542333,1.41156046902312
"marketable_yield_ssp1277","349",25.8996714560196,27.7726155373014,14.806541139214,4.13286513905566
"marketable_yield_ssp1278","35",17.7714416390139,12.3256679139619,-7.50387389472126,-20.9317342570836
"marketable_yield_ssp1279","350",34.3874937330431,39.5148750066882,28.6909496693195,18.9751032354611
"marketable_yield_ssp1280","351",34.2260176124265,38.235090389887,29.0223690476272,20.635658627578
"marketable_yield_ssp1281","352",35.7577464244846,43.3784126200089,35.7058018868953,28.3595592542834
"marketable_yield_ssp1282","353",32.8332086466848,40.6710667200907,34.0627130680966,28.5173835308337
"marketable_yield_ssp1283","354",33.6891934969961,43.0203773765095,37.4421721144365,33.3562552971983
"marketable_yield_ssp1284","355",39.5798274088994,51.4672018945832,45.3182085801991,41.4989550499932
"marketable_yield_ssp1285","356",39.3721307831091,51.0945064955169,45.9343657107605,43.58013832112
"marketable_yield_ssp1286","357",40.0218155279518,52.6577427056931,47.3280348354729,44.3834338517984
"marketable_yield_ssp1287","358",37.4121736987673,49.9375729252356,46.51459044112,45.241463689121
"marketable_yield_ssp1288","359",34.463827722768,48.2090500318931,46.1815506649637,46.1099522200453
"marketable_yield_ssp1289","36",16.7130323927546,10.8247128102981,-9.76053256498961,-21.3157338232082
"marketable_yield_ssp1290","360",34.1379547841809,49.9804552019098,49.0099625614895,50.2563611356075
"marketable_yield_ssp1291","361",33.5574225551492,50.43152792062,49.4028044383027,51.6362808125873
"marketable_yield_ssp1292","362",34.4254508137342,51.19536241139,52.4572946526403,54.4087464272171
"marketable_yield_ssp1293","363",37.1709371090601,51.672790298887,50.8366428013671,51.3050056939851
"marketable_yield_ssp1294","364",42.1398749908083,56.4655308712376,54.9998114517627,53.973809485683
"marketable_yield_ssp1295","365",-31.0278173743722,-48.0255016381275,-72.4327445075318,-85.6163061786011
"marketable_yield_ssp1296","366",-13.0814602593777,-31.1356865120053,-54.3314555095199,-71.4397015120589
"marketable_yield_ssp1297","367",-9.94823776616384,-25.0040226697564,-45.3106393295028,-64.8678829964411
"marketable_yield_ssp1298","368",3.72759838738078,-11.2158465989007,-32.5154990056689,-46.8163848203031
"marketable_yield_ssp1299","369",-6.9703836183076,-20.135523388624,-41.2778366668174,-57.7865028483349
"marketable_yield_ssp1300","37",16.5318785434837,9.16322944545485,-9.51209304950201,-24.873606210201
"marketable_yield_ssp1301","370",-13.7567217687812,-30.6477541686158,-51.3226187729213,-67.7697005307819
"marketable_yield_ssp1302","371",-13.0011389683361,-28.5130288017539,-50.3309969498551,-70.7043065178287
"marketable_yield_ssp1303","372",-13.9508449322723,-31.6063346985605,-53.1467730724249,-69.8110864262102
"marketable_yield_ssp1304","373",-6.49316141467931,-20.490664520346,-40.8497696600362,-61.5819308861389
"marketable_yield_ssp1305","374",6.9603702579654,-5.15647687361572,-24.8487248211831,-39.5419164163961
"marketable_yield_ssp1306","375",11.7290653819783,3.42246570269699,-14.1080963042893,-28.4921562503434
"marketable_yield_ssp1307","376",18.4294510839489,14.8007821605725,-0.864922349821899,-13.9206216758328
"marketable_yield_ssp1308","377",23.3174127543923,22.8061996617307,8.06353624388127,-5.26347662523094
"marketable_yield_ssp1309","378",33.0746438497367,37.2330551252211,25.5997903923211,16.3795073037475
"marketable_yield_ssp1310","379",38.1568123227914,43.5446772760372,32.2994544040347,23.64169933381
"marketable_yield_ssp1311","38",9.15985381463891,1.49646153703809,-16.7723930610264,-29.7662754289853
"marketable_yield_ssp1312","380",36.5999588438081,46.572164645868,39.7779895787565,30.9231588361658
"marketable_yield_ssp1313","381",33.5800374825071,41.7099628833305,34.8047838707767,28.296218869175
"marketable_yield_ssp1314","382",34.048994497781,43.9798239721836,39.3357830022323,34.0607236950392
"marketable_yield_ssp1315","383",34.0206850584836,43.4658833608209,38.8754860275691,33.6569869946315
"marketable_yield_ssp1316","384",34.9754090412807,45.0173083649841,40.7252654000868,36.5866154043272
"marketable_yield_ssp1317","385",36.1784906229381,46.8500644423589,40.8967195054149,36.7693703964949
"marketable_yield_ssp1318","386",36.1517170102833,47.950782456403,40.9619878199038,38.3587211272953
"marketable_yield_ssp1319","387",38.0635121666723,51.5703934295966,49.3287811761582,46.2642788091373
"marketable_yield_ssp1320","388",33.8074099321322,48.5033173566025,48.8222957796617,48.1650319399582
"marketable_yield_ssp1321","389",33.3861586564422,49.2162777820011,49.9377592293721,51.6354393962505
"marketable_yield_ssp1322","39",14.304762189351,11.5108185032203,-10.0394283282154,-19.6533090372935
"marketable_yield_ssp1323","390",36.6912335632699,51.444850224128,51.531413864546,53.9165411032917
"marketable_yield_ssp1324","391",37.238248334564,52.3420964180193,53.7269487075943,54.9667857679465
"marketable_yield_ssp1325","392",41.0296920742505,56.9585350373654,56.3770154635797,53.6822963158632
"marketable_yield_ssp1326","393",43.3482170988634,56.5565718581237,53.3509447838278,48.3709825259451
"marketable_yield_ssp1327","394",-13.8602380760718,-32.0292585289846,-54.5658489026775,-72.0613331554397
"marketable_yield_ssp1328","395",-6.89949128855577,-20.7091765148072,-42.9143462041776,-59.2414817947991
"marketable_yield_ssp1329","396",-16.5821058724255,-34.2203635135849,-55.1733947362703,-70.0575158165489
"marketable_yield_ssp1330","397",-0.992870472156753,-15.9333140113902,-38.3420240189142,-52.5950676420844
"marketable_yield_ssp1331","398",-3.84562641977539,-19.8169026444228,-39.7755119373723,-56.2170375814282
"marketable_yield_ssp1332","399",-7.4159306189317,-24.0641149397343,-45.487773375662,-64.3440993806388
"marketable_yield_ssp1333","4",24.5618029436863,22.3724988193489,1.76175670389263,-12.0342514961255
"marketable_yield_ssp1334","40",25.9995781276137,20.3492201856881,1.26337708334061,-9.90612533671172
"marketable_yield_ssp1335","400",-0.277553807884967,-15.3765063984044,-38.2781421653601,-57.6575367913161
"marketable_yield_ssp1336","401",-1.27084202663884,-13.8804096744556,-38.9299017301544,-55.5886330224153
"marketable_yield_ssp1337","402",-2.84747939882196,-16.5417356951111,-37.6549554705543,-56.163610332591
"marketable_yield_ssp1338","403",-2.85709405406578,-19.4984804311949,-41.2697792604105,-57.9654424162383
"marketable_yield_ssp1339","404",-0.953921346963593,-16.7550321224998,-37.7039989162049,-54.6925214721919
"marketable_yield_ssp1340","405",-2.54647716010384,-17.1754082516816,-35.3426529091225,-51.5479783177476
"marketable_yield_ssp1341","406",11.4051166731671,0.625488332211539,-14.4183833389616,-30.1114873431463
"marketable_yield_ssp1342","407",19.5115792417051,16.7500908413134,0.200094642081297,-15.2455002914772
"marketable_yield_ssp1343","408",29.4690799053388,31.1394298142566,18.9375927204546,5.22585317959806
"marketable_yield_ssp1344","409",37.6506207479509,43.4498124066158,33.1870271146587,24.5841887632544
"marketable_yield_ssp1345","41",29.1578289724101,25.3472779322741,6.22815858139541,-6.02903307504551
"marketable_yield_ssp1346","410",37.7654884629665,44.4262989176581,35.8977990876577,28.0912895190164
"marketable_yield_ssp1347","411",35.474684750384,45.3085257784047,37.9913407102484,31.3730815952016
"marketable_yield_ssp1348","412",37.3786288627674,47.334375082644,41.1305027929644,37.9494561582217
"marketable_yield_ssp1349","413",35.9560159510408,46.812000859045,41.4673365060778,38.2320461999159
"marketable_yield_ssp1350","414",33.3245324276552,45.3333368453148,41.0339247177216,36.8057897192714
"marketable_yield_ssp1351","415",34.6539670986789,47.1239395941028,44.1149691809607,40.4318088508542
"marketable_yield_ssp1352","416",36.5302331445707,49.2111954526648,45.3799644948551,44.5194792907568
"marketable_yield_ssp1353","417",37.2554840745469,54.0984718874606,51.6531085517342,49.1577680745302
"marketable_yield_ssp1354","418",37.9858359269845,55.6636614928574,55.85306516728,55.8769973972803
"marketable_yield_ssp1355","419",35.4786924020144,50.6375307302269,52.8126294942056,54.7489493252602
"marketable_yield_ssp1356","42",22.9459695866436,17.1971571196477,-0.192269848470001,-11.928819405568
"marketable_yield_ssp1357","420",37.388958100702,51.4111019331877,50.634168159506,49.8757522071358
"marketable_yield_ssp1358","421",41.5852968795866,54.2635166778207,50.1543606953044,48.4730120891194
"marketable_yield_ssp1359","422",43.0032170137368,55.2567810928999,49.1820266359642,45.1806359761213
"marketable_yield_ssp1360","423",43.2792202322503,57.6909933704761,49.1140380804495,45.3370437798634
"marketable_yield_ssp1361","424",-14.4838326867881,-31.0529336994885,-54.0009780300576,-73.6584377676491
"marketable_yield_ssp1362","425",-7.61742966854008,-22.7034068320995,-43.5120870644516,-60.2312678894473
"marketable_yield_ssp1363","426",-9.50179104104336,-25.8362745679048,-45.0411550359143,-62.8381813710176
"marketable_yield_ssp1364","427",1.14422885151786,-13.0257821166409,-34.4203876873063,-52.6362940106105
"marketable_yield_ssp1365","428",-1.41861106689845,-17.7724166147256,-36.8981858746014,-54.045763798998
"marketable_yield_ssp1366","429",0.000522053348976925,-16.3994724281813,-38.3436102107553,-55.3193887582088
"marketable_yield_ssp1367","43",20.1572861512492,13.9448083535603,-7.08298921314013,-18.5572704212849
"marketable_yield_ssp1368","430",9.82533594591899,-4.62532926062995,-28.8318687123041,-46.0683763898415
"marketable_yield_ssp1369","431",-3.42046355102557,-17.7996104795664,-41.3349538321769,-59.2960907924573
"marketable_yield_ssp1370","432",6.86841396510458,-6.60087131887309,-30.4431891752522,-48.5243933097173
"marketable_yield_ssp1371","433",-2.10875970103059,-18.1298698159073,-41.0798675267842,-60.9794507322312
"marketable_yield_ssp1372","434",-8.8446655578835,-25.8946356081665,-48.9180313524167,-67.8001386194923
"marketable_yield_ssp1373","435",-3.3993342249981,-18.0627285779262,-37.8130082982762,-55.4964414927366
"marketable_yield_ssp1374","436",-9.77357488630485,-24.7392913177768,-42.9807134259679,-60.2198097189825
"marketable_yield_ssp1375","437",-0.475002152858863,-12.1719676606843,-32.7749227936155,-46.5684819364246
"marketable_yield_ssp1376","438",11.6782594991856,5.73434178724952,-10.1331410820241,-27.3476465185199
"marketable_yield_ssp1377","439",23.6606377141137,23.1968066656858,6.33312263798093,-5.88996540989745
"marketable_yield_ssp1378","44",14.1552317352674,7.46428454233191,-12.748993128231,-23.8630484240011
"marketable_yield_ssp1379","440",31.6131600273363,35.0584867619614,21.3560415250405,9.58566882513566
"marketable_yield_ssp1380","441",34.1086787169743,38.4736429357884,28.543082802745,19.6203186110859
"marketable_yield_ssp1381","442",35.3059040753961,42.4439862295974,35.0097015828514,28.2999102591706
"marketable_yield_ssp1382","443",34.5621656895351,43.9155735144505,36.8798242913255,31.3397744892546
"marketable_yield_ssp1383","444",34.7517532248211,41.8136111638822,36.345285419448,33.7880820770678
"marketable_yield_ssp1384","445",33.6868892979956,41.3331025297973,36.648180458736,35.7041615860829
"marketable_yield_ssp1385","446",34.6837646721261,44.5721656267824,38.4282788378145,37.2955875457021
"marketable_yield_ssp1386","447",34.1598557893455,46.388079979314,44.6375452494151,42.39391297431
"marketable_yield_ssp1387","448",38.5437834345973,51.7446884327055,52.4237149772291,51.7329838036582
"marketable_yield_ssp1388","449",38.2992435010979,56.4578514739135,54.9874991550087,55.2466660834097
"marketable_yield_ssp1389","45",15.5179928625293,8.27429943826084,-11.2414001657358,-23.4715600705394
"marketable_yield_ssp1390","450",39.7262824527683,55.3144382561827,55.1156919149346,56.4250257820416
"marketable_yield_ssp1391","451",39.422976509857,52.2958303902798,50.6216723035219,44.5455916202593
"marketable_yield_ssp1392","452",42.3558317475743,52.9475520013742,46.4314325005647,40.088147593768
"marketable_yield_ssp1393","453",11.4646521795981,2.31227922200267,-16.9300874432571,-31.9650278862479
"marketable_yield_ssp1394","454",2.46792265644947,-8.55484817173741,-29.6598407814542,-46.9888231678919
"marketable_yield_ssp1395","455",10.3562324153155,1.3381600464343,-16.8562414029862,-36.3492459199687
"marketable_yield_ssp1396","456",8.65315386125177,-1.03111019948569,-19.736495600731,-36.9987130364883
"marketable_yield_ssp1397","457",10.9139460333048,2.59502331102874,-16.1570430540534,-35.563029113004
"marketable_yield_ssp1398","458",3.48951327582071,-8.12429360463295,-28.652479554488,-46.4219992004314
"marketable_yield_ssp1399","459",1.15042639065395,-11.2156710546263,-33.4210722762013,-51.3668653924933
"marketable_yield_ssp1400","46",14.3747670821399,8.70824309951818,-11.2373109245545,-22.6118664318672
"marketable_yield_ssp1401","460",4.61806290729136,-8.41089977629348,-29.6932476301556,-47.9116594905289
"marketable_yield_ssp1402","461",5.7615866053586,-4.20088653095313,-24.6922712543768,-43.5186267061725
"marketable_yield_ssp1403","462",7.66920362588777,-4.01775676998106,-23.9188213369849,-42.8981416884514
"marketable_yield_ssp1404","463",5.08505687699227,-6.78034858404102,-27.3864478552419,-46.3091839276937
"marketable_yield_ssp1405","464",-0.680633283239853,-13.2677910276836,-33.5264923562164,-51.6412149786069
"marketable_yield_ssp1406","465",-0.834910414040682,-11.1814622976602,-35.0452476058324,-52.5232913426219
"marketable_yield_ssp1407","466",8.37423181579831,1.62338815079714,-17.5477320019542,-36.333011861428
"marketable_yield_ssp1408","467",17.8940585476055,14.7253143545438,-0.161474827598305,-16.1419105579722
"marketable_yield_ssp1409","468",32.0427359221336,33.3926869157766,18.7271251152226,5.76504949427138
"marketable_yield_ssp1410","469",31.014045197545,35.640285672685,22.5358968339341,9.58348529805076
"marketable_yield_ssp1411","47",19.8670979979202,16.7947836288433,-5.6008339177219,-18.8850259034632
"marketable_yield_ssp1412","470",33.7206551715015,34.9345084768411,23.8662865271674,13.9137823038453
"marketable_yield_ssp1413","471",36.4307480031241,42.4472819242903,33.0911372064636,22.5487963581659
"marketable_yield_ssp1414","472",38.8249488532114,47.5357689847421,37.7619400832849,31.0819222035385
"marketable_yield_ssp1415","473",42.8340317320978,52.565140054096,44.2566124619571,38.0234622721796
"marketable_yield_ssp1416","474",43.9639945646676,55.2026946428602,48.5786898026505,41.6029094080606
"marketable_yield_ssp1417","475",44.4368331106864,55.249791908891,51.1952780133419,46.4199218005463
"marketable_yield_ssp1418","476",42.1152846405752,55.9050656345667,52.9243730347743,48.3807274259954
"marketable_yield_ssp1419","477",42.9981824653551,56.8322358183099,54.3582674633924,52.0077805056421
"marketable_yield_ssp1420","478",45.4155428836478,62.5397470311316,61.8782814807314,59.5011762952114
"marketable_yield_ssp1421","479",46.8217479813617,62.6542480463886,58.7177037944658,52.8805563424561
"marketable_yield_ssp1422","48",21.3179168616766,18.7818054470804,-1.22240925314641,-12.6649222469495
"marketable_yield_ssp1423","480",24.9740816240992,18.6986751897729,2.51367421030688,-15.4027047233125
"marketable_yield_ssp1424","481",20.447289991969,12.4073114448719,-5.00594305955762,-19.3006345023442
"marketable_yield_ssp1425","482",24.7997829606143,18.8829619044566,3.27496522541468,-10.9325035984531
"marketable_yield_ssp1426","483",21.8225524277341,16.5013671499585,0.249679766630706,-11.9566162741957
"marketable_yield_ssp1427","484",23.9043061228341,19.7491271231258,3.67710194456828,-8.20044170244984
"marketable_yield_ssp1428","485",20.9277947477003,15.7093305724967,-1.52000014881972,-16.3706951817275
"marketable_yield_ssp1429","486",12.1957944191513,2.05137786659076,-17.7189184041881,-34.2125142722327
"marketable_yield_ssp1430","487",18.0503175953399,5.67568290022399,-13.9539008550958,-30.8969703190036
"marketable_yield_ssp1431","488",10.3308254760207,3.0235064822155,-21.2135034287835,-38.5309215619523
"marketable_yield_ssp1432","489",12.6756131317446,2.20793233868097,-21.1166859768081,-37.3165841669244
"marketable_yield_ssp1433","49",11.7823974613166,1.85065338422564,-18.9326451008412,-31.4111654062273
"marketable_yield_ssp1434","490",6.63030468515174,-5.71852778735408,-25.7520488440226,-42.3956621658233
"marketable_yield_ssp1435","491",4.19221708476334,-11.578276060954,-32.7098117017462,-49.1388398635732
"marketable_yield_ssp1436","492",-1.27585184383252,-15.0950867460491,-35.2272241975422,-50.8955177407327
"marketable_yield_ssp1437","493",7.92575211027467,-2.21569667011945,-21.4515554775958,-37.8296448279848
"marketable_yield_ssp1438","494",21.2239193939379,12.3840695068966,-6.72218914077293,-22.6426304483601
"marketable_yield_ssp1439","495",32.2503841195595,29.6711170173747,12.7680782200302,-1.93615841970997
"marketable_yield_ssp1440","496",34.3128317564445,32.074537432088,15.9685081037451,3.93120176999275
"marketable_yield_ssp1441","497",30.4178568063696,31.9572194837127,16.8919829660829,5.96624908550664
"marketable_yield_ssp1442","498",32.8245082499391,33.292011569787,20.9370329521386,6.96876764107802
"marketable_yield_ssp1443","499",39.2315807280325,42.3297101680431,32.4511699359934,23.1172357795107
"marketable_yield_ssp1444","5",17.1852212710309,10.6717426253398,-9.08005952588475,-17.7494194551288
"marketable_yield_ssp1445","50",14.383273197809,7.79429651705074,-13.2801953241148,-25.7556629925471
"marketable_yield_ssp1446","500",43.236324231504,49.3752083350869,43.6027899607222,34.6554411208709
"marketable_yield_ssp1447","501",45.6376155011247,56.245500391744,48.306479744109,43.0470259018375
"marketable_yield_ssp1448","502",47.8326315252732,58.3406495279523,51.579742796344,47.8797511222928
"marketable_yield_ssp1449","503",48.6506463559775,61.7032785408976,57.6075198176215,53.6012264601548
"marketable_yield_ssp1450","504",51.5410257555779,62.6431632529403,60.1439656731766,55.7493410363241
"marketable_yield_ssp1451","505",51.3342090426962,65.2437796890529,58.8353680033124,53.4698717318669
"marketable_yield_ssp1452","506",22.6663397116481,19.168297880835,1.10498161442946,-11.9827392319366
"marketable_yield_ssp1453","507",31.6643626418727,33.540829737721,17.8697858366146,4.84250501373674
"marketable_yield_ssp1454","508",30.1926868582302,33.3035165141336,22.0060905825872,10.4549444287731
"marketable_yield_ssp1455","509",36.1472946759022,41.5817768463276,31.7586749950498,23.8900029795061
"marketable_yield_ssp1456","51",14.1668262309937,9.13962367922528,-14.4985072432384,-26.7122850729704
"marketable_yield_ssp1457","510",38.0916751277293,41.9499404586172,30.2605867225154,21.9662334735612
"marketable_yield_ssp1458","511",30.579597155959,32.7523253274621,19.2152922349953,9.04773326275113
"marketable_yield_ssp1459","512",32.1582057080214,28.6732885039992,13.3741618772765,-0.0816713929837309
"marketable_yield_ssp1460","513",20.2464801367563,15.2176034999993,-4.28779737223705,-18.0028164948633
"marketable_yield_ssp1461","514",18.5403968707585,10.1763447567506,-9.69494826160087,-26.23016738468
"marketable_yield_ssp1462","515",16.429545480174,9.8910142685601,-10.6546727500115,-27.5393534553707
"marketable_yield_ssp1463","516",14.8323175462294,4.44416546852143,-14.9571999327788,-31.897740759471
"marketable_yield_ssp1464","517",5.83993624664469,-8.46356377731569,-30.174462490621,-47.7789831242514
"marketable_yield_ssp1465","518",6.90656466812225,-5.58789651477182,-28.7949991071425,-45.915244352235
"marketable_yield_ssp1466","519",6.094968360396,-5.83833028476734,-26.6234814845975,-43.1917362921805
"marketable_yield_ssp1467","52",11.5519297344891,3.51703877112518,-15.082886686936,-28.3644028680244
"marketable_yield_ssp1468","520",24.5205999910286,17.9236353575387,-0.681765024187744,-17.6559581129672
"marketable_yield_ssp1469","521",35.1027914778484,33.94337359526,16.9333373389768,2.41356882551502
"marketable_yield_ssp1470","522",36.3427037606722,37.9432759640505,21.5472853820171,9.8685823315731
"marketable_yield_ssp1471","523",31.1638265855893,34.7063696963044,16.9847595283207,5.1735558818284
"marketable_yield_ssp1472","524",36.9750302881686,40.3860885371422,29.4567630086467,16.2801482469416
"marketable_yield_ssp1473","525",50.6683757970936,67.7048289554804,63.455626066176,63.3803709284218
"marketable_yield_ssp1474","526",51.8195125730545,66.9730622138771,63.0778137819764,60.1776813093579
"marketable_yield_ssp1475","527",53.1503387051571,66.9353797996715,61.372539928188,57.2837668320812
"marketable_yield_ssp1476","528",37.9255998529971,48.4441672077752,44.6095807690605,39.6704556860588
"marketable_yield_ssp1477","529",40.2291510015324,52.1839529512009,47.9959153471552,46.7450589551112
"marketable_yield_ssp1478","53",10.265821200805,0.767855581098367,-19.8294156925931,-32.2845722107799
"marketable_yield_ssp1479","530",37.410019460958,47.3934986217758,44.8126658149466,41.7007714822681
"marketable_yield_ssp1480","531",39.3020999959794,49.7826967913965,42.915095378938,40.7281294631954
"marketable_yield_ssp1481","532",38.3802968473352,42.8954483731622,33.2390846911843,28.1135863159116
"marketable_yield_ssp1482","533",37.8156823070587,40.5406001462769,28.8632749873807,20.6333233991853
"marketable_yield_ssp1483","534",33.5190880714631,35.5522927110239,24.2715736961041,15.3301829517779
"marketable_yield_ssp1484","535",32.0227073403685,30.3773829412013,16.933064665656,3.8355354372543
"marketable_yield_ssp1485","536",38.0100514652848,37.4089341527905,20.7046420582392,8.72728444272346
"marketable_yield_ssp1486","537",27.7158172067085,25.669967136423,7.99382448817893,-8.73189493010248
"marketable_yield_ssp1487","538",22.8286588352431,17.4187971750452,-1.11594994104964,-18.7309467666213
"marketable_yield_ssp1488","539",27.9930046973171,22.3705865010032,3.41800467034435,-12.7032306324774
"marketable_yield_ssp1489","54",-1.98830715590191,-11.3307919572473,-32.9170982658762,-43.3179846985741
"marketable_yield_ssp1490","540",27.5830561860657,24.8318220018616,7.66733368913865,-8.49692989505501
"marketable_yield_ssp1491","541",32.9487739881354,32.7011087329352,14.9665945235488,1.7915129146825
"marketable_yield_ssp1492","542",36.6061726863887,46.7006801943038,46.0602429224162,43.7412140286756
"marketable_yield_ssp1493","543",34.3949527978062,44.8991508268181,45.799715829167,48.5196682416935
"marketable_yield_ssp1494","544",33.7306866650774,45.8945688967216,45.267032068952,47.1327125665637
"marketable_yield_ssp1495","545",34.3580852113375,45.1545764780987,45.286653052709,45.1348262918197
"marketable_yield_ssp1496","546",36.0790127157336,45.8431761368669,43.1942160218709,43.057972583247
"marketable_yield_ssp1497","547",34.8975880278023,43.0927483813477,39.0696364845098,36.3721418259924
"marketable_yield_ssp1498","548",37.9239346451254,45.7222131055095,38.5644914978413,35.5153995542591
"marketable_yield_ssp1499","549",39.2193803315032,45.2070856175578,36.9487017791572,30.8088103189703
"marketable_yield_ssp1500","55",5.13136805863699,-3.27554204929049,-21.7317226383533,-32.6422864904317
"marketable_yield_ssp1501","550",47.5710105677826,57.7112384001574,49.5449732990737,42.9252905517281
"marketable_yield_ssp1502","551",43.889092204314,51.5112593080623,39.7496665354958,29.436867559681
"marketable_yield_ssp1503","552",37.9897343610148,50.6706306950403,48.9806688390141,51.3134997475804
"marketable_yield_ssp1504","553",39.8120557908917,50.7956490388014,50.2733210982509,50.0827971630951
"marketable_yield_ssp1505","554",36.4652280290378,47.4187775237134,45.4961559848355,45.8073089998253
"marketable_yield_ssp1506","555",40.4502627183962,49.5724366707228,45.0297108295483,44.3184023421033
"marketable_yield_ssp1507","556",45.4506698954617,55.3310941032311,50.0014342380873,47.6948512291669
"marketable_yield_ssp1508","557",46.9167918304215,56.3703187518921,48.9152494120206,42.6391550904502
"marketable_yield_ssp1509","558",49.2967062563894,62.7663766808449,54.53034017133,48.9916535440252
"marketable_yield_ssp1510","559",46.2344799812406,58.0808323888172,55.0451625165669,53.8729446855688
"marketable_yield_ssp1511","56",2.16189965977177,-7.9183167629426,-28.988136395091,-41.5677721279848
"marketable_yield_ssp1512","560",46.5880342315089,59.5794321326868,56.8662933611346,54.8565627479165
"marketable_yield_ssp1513","561",47.7245938043782,57.4085739361195,52.181684935421,52.3024172094121
"marketable_yield_ssp1514","562",46.7412105326628,56.6661898733499,50.2876418603875,46.638932317143
"marketable_yield_ssp1515","563",48.1370251959456,57.4824596614456,48.9643539850961,44.4097066670643
"marketable_yield_ssp1516","564",48.6913691930262,57.1239564385572,47.6606321295021,41.4845147926685
"marketable_yield_ssp1517","57",5.46130007831536,-3.56299933369275,-22.921172344807,-36.7085369822128
"marketable_yield_ssp1518","58",13.6442599534848,5.26402657951696,-18.3413800854142,-27.5311657010453
"marketable_yield_ssp1519","59",13.1338531688777,4.79831189014474,-14.3360995456561,-24.7744672697867
"marketable_yield_ssp1520","6",8.80822912707087,0.857496671974154,-18.2055235508198,-30.6319870764603
"marketable_yield_ssp1521","60",20.636109522306,18.1311552726583,-0.6489811125555,-11.9431399597797
"marketable_yield_ssp1522","61",19.2904903184223,15.2140771192676,-3.94303880105687,-13.3877370534026
"marketable_yield_ssp1523","62",25.9580518030273,25.4299535808934,5.20793406912736,-3.55494909648129
"marketable_yield_ssp1524","63",19.9467190027538,15.5881975858808,-1.11601013018932,-12.5567064549867
"marketable_yield_ssp1525","64",31.2757863636511,30.4883340547458,12.2028824346951,2.37848776169713
"marketable_yield_ssp1526","65",26.2428545180821,23.0506849265439,5.71104464749716,-5.70205939081589
"marketable_yield_ssp1527","66",25.2214699460456,19.9787877375545,1.37234344076772,-8.91651063676248
"marketable_yield_ssp1528","67",27.4344046546347,25.7893793865043,8.47273623533514,-0.80208128397647
"marketable_yield_ssp1529","68",22.8335369475736,18.6566030309177,-0.861773081463042,-10.0976413758346
"marketable_yield_ssp1530","69",20.7951664892403,16.7350963400129,-1.39357280796823,-11.5813115866489
"marketable_yield_ssp1531","7",14.004322341724,8.53493123727834,-14.4164308730877,-26.5756403783856
"marketable_yield_ssp1532","70",24.4468312849268,22.8488235383535,4.30550599973715,-4.47448487168198
"marketable_yield_ssp1533","71",23.1604639261609,20.5755414285905,4.27861069252931,-6.83533364523182
"marketable_yield_ssp1534","72",15.4447008855777,7.47817450038566,-13.5561053976413,-25.232652393921
"marketable_yield_ssp1535","73",4.91384724455692,-3.09372097426298,-25.277033325119,-37.2421716189558
"marketable_yield_ssp1536","74",14.6138919024214,7.99755804178931,-13.2458313781025,-25.753238873861
"marketable_yield_ssp1537","75",9.45595899644511,0.135891562105215,-20.6734969169002,-30.7838733451823
"marketable_yield_ssp1538","76",12.4142206538251,3.77559333171931,-16.4599798255989,-30.101974834654
"marketable_yield_ssp1539","77",16.4971099770033,10.8446618518373,-10.191897475664,-21.4863896027081
"marketable_yield_ssp1540","78",12.7780912296947,3.96596105827479,-16.0611445166541,-28.5516964252906
"marketable_yield_ssp1541","79",23.2089870635492,19.2959558608013,-0.833413807805368,-14.6475022783792
"marketable_yield_ssp1542","8",16.8749720179009,7.75626855126667,-14.0543900553611,-26.5382408853394
"marketable_yield_ssp1543","80",15.9304160430197,8.66300970514102,-13.2436436250978,-22.169431119436
"marketable_yield_ssp1544","81",3.64659439809014,-5.59667507632566,-26.9159363624022,-40.0526399193672
"marketable_yield_ssp1545","82",9.6356679855249,0.574694037492343,-19.2239110842228,-33.3331342801907
"marketable_yield_ssp1546","83",7.98916738064397,-0.455588750344909,-20.2321263650591,-34.0703199042105
"marketable_yield_ssp1547","84",13.5914911277438,5.43813797592467,-13.8010384212075,-26.3255717154653
"marketable_yield_ssp1548","85",12.8652766612756,3.6765411406726,-14.499943267638,-27.5858813677083
"marketable_yield_ssp1549","86",18.7736309019558,12.0206693729096,-9.15337155464798,-19.8925393060065
"marketable_yield_ssp1550","87",18.5541860985635,11.0056528340773,-8.30565231067006,-18.3415122820158
"marketable_yield_ssp1551","88",19.1873601045142,13.2746807881158,-7.44731425596987,-18.4273940682942
"marketable_yield_ssp1552","89",31.0016612296311,29.0015388769954,9.38541232846864,0.628127082911423
"marketable_yield_ssp1553","9",10.2048975239166,-1.37928413286289,-21.3885157435177,-32.5764992327704
"marketable_yield_ssp1554","90",21.8134907764553,19.4814923031938,0.54655691846996,-9.59345224003727
"marketable_yield_ssp1555","91",27.6562401461587,24.359961635865,6.00838215951191,-3.13948057969966
"marketable_yield_ssp1556","92",26.451295785186,24.1336064058125,7.96603653653897,-2.57729414919416
"marketable_yield_ssp1557","93",24.5418278261644,24.493562266342,6.16381164432648,-4.4027344946476
"marketable_yield_ssp1558","94",15.3263510182758,15.6258741437727,-9.85037609639999,-15.9386946161901
"marketable_yield_ssp1559","95",27.6105995784833,26.7869072447034,9.66978555778189,-0.267560379326177
"marketable_yield_ssp1560","96",26.3809837790978,27.9354049882121,10.5555569800209,1.48135968257582
"marketable_yield_ssp1561","97",26.6175219344211,25.4973145566892,7.37248558477855,-1.36196164488032
"marketable_yield_ssp1562","98",25.2484631468225,22.2603498108143,5.22566161449431,-2.79303570009236
"marketable_yield_ssp1563","99",7.22600007916142,-2.88377256960519,-24.0432556035945,-37.0879009726995
