"","id","today","ssp1","ssp2","ssp3","ssp5"
"marketable_yield_today","1",60.2703265607021,69.1472980891648,72.1671149111269,72.6868061754451,72.6600727567152
"marketable_yield_today1","10",58.7265568083589,69.388119313926,71.5846543188443,72.1207330607196,72.0590378123148
"marketable_yield_today2","100",60.5372560734471,71.638092721289,73.7072352859492,74.0451035748542,74.0537133057298
"marketable_yield_today3","101",60.6571581305274,71.0765397150337,73.251054740975,73.4163614647612,73.2007935975458
"marketable_yield_today4","102",60.7668720603299,70.9367576484944,73.3527522171598,73.336750532041,73.1561041622484
"marketable_yield_today5","103",58.9107644192569,70.5532675496621,72.9899053168181,73.4641668593224,73.1562920847351
"marketable_yield_today6","104",56.7410348788641,68.8281061206599,71.9720198824929,72.4821554514645,72.5887756654781
"marketable_yield_today7","105",56.5761755193594,68.5398549803604,71.6360697812151,72.0732778958564,72.3506728721963
"marketable_yield_today8","106",57.3712352901316,69.2976768303733,71.8676572275104,72.2560624124317,72.3383918027176
"marketable_yield_today9","107",58.3303532859204,69.4902435583088,72.4760704465171,72.6914869755167,72.9700664514022
"marketable_yield_today10","108",59.8082496529916,70.6883883314224,73.5585280364673,73.7383905913909,73.2556276297997
"marketable_yield_today11","109",61.8239135091124,71.3814837234669,73.2034760294357,72.8680639963448,72.4693735005834
"marketable_yield_today12","11",57.7687611637692,68.3828191308986,71.1438233959922,71.4965152187327,71.7704119879348
"marketable_yield_today13","110",61.8857077931065,70.6631513481007,72.1261822693209,72.5323661843895,72.3274579024623
"marketable_yield_today14","111",61.9643203098655,71.0954570364406,73.6787804727171,73.5092677880806,73.343724394212
"marketable_yield_today15","112",61.4109513797782,70.7044996731705,72.5138267322751,72.4273331549843,72.1451877865647
"marketable_yield_today16","113",60.0094151464917,69.8703880153171,72.7387094410493,72.7159433285716,72.8159674056013
"marketable_yield_today17","114",57.9486314179912,69.3857365520837,72.1245983460483,72.5743548986973,72.5515622808145
"marketable_yield_today18","115",56.1514956738474,68.0714771632823,70.7578726147821,71.625954260943,71.7360163486307
"marketable_yield_today19","116",56.1528024378616,67.7421047310355,70.8043317642532,71.5559521856722,71.6010011648679
"marketable_yield_today20","117",54.9912759886224,67.1042371785335,70.5828029474677,71.4151326912475,71.771709989176
"marketable_yield_today21","118",55.0119029267815,66.8408442377406,69.9127599585246,71.236662001068,71.698088820112
"marketable_yield_today22","119",53.6254011666793,66.4327684842213,69.3819102722729,70.7035421213623,70.871130112733
"marketable_yield_today23","12",58.7095917514396,68.6069958225884,71.1268594495895,71.2923152198125,71.4587279222547
"marketable_yield_today24","120",52.5862670528294,65.0037674876867,68.0081708311729,69.3811690293742,70.1573921904274
"marketable_yield_today25","121",50.4981815427877,64.2885139349053,67.9615991631289,69.9826007332338,70.3305015441655
"marketable_yield_today26","122",50.133486399835,63.9316635083,68.1718807315904,70.2351032417136,70.9116879591047
"marketable_yield_today27","123",50.2609530774361,63.3175674919473,67.2277102729556,69.601835393394,70.2564066565755
"marketable_yield_today28","124",51.8584323086976,64.4342157078884,68.0476411264312,69.8101927697744,70.6716560289591
"marketable_yield_today29","125",52.6934431620665,64.8839210137957,67.6918919699894,69.5751386642358,69.6713346866992
"marketable_yield_today30","126",62.1217749287419,72.256446394516,74.47404318004,73.7189171991354,73.4207735833102
"marketable_yield_today31","127",61.420468389922,72.0865589977053,74.628279542871,74.409469135898,74.1682766407809
"marketable_yield_today32","128",63.1334267776934,72.8621008702299,75.1534208202498,74.6524952289614,74.0157054832845
"marketable_yield_today33","129",62.7937972652361,73.4231967215193,75.5133068126832,75.3407142233197,74.9386350703305
"marketable_yield_today34","13",58.8208836214773,68.2330699782452,70.981570254119,71.1606176046996,71.1953732483167
"marketable_yield_today35","130",62.4921934276301,72.7550249245537,74.9615275287594,74.5627715050121,74.5769376115762
"marketable_yield_today36","131",63.239129944546,72.5505759362524,74.6318871480868,74.3516982254501,74.0000386279456
"marketable_yield_today37","132",62.2522884883945,72.237790050159,74.4064430996907,74.3229279842465,73.4592728517731
"marketable_yield_today38","133",61.2314819499168,71.7005265613139,74.3905294706192,73.9740056993508,73.8575731724777
"marketable_yield_today39","134",61.1845276840294,71.4534933859696,73.8540701710897,73.739023111635,73.5532084664628
"marketable_yield_today40","135",60.7811081743817,71.0615759228674,72.9346098082869,72.9171737414314,72.5869481387791
"marketable_yield_today41","136",61.3992917826446,71.7687993655524,73.5121129458318,73.5823895857808,73.4429688757666
"marketable_yield_today42","137",59.9686056887078,70.5055444415161,72.7845632018104,72.9143367977014,72.5233885420822
"marketable_yield_today43","138",58.2030610416067,70.3016768374128,73.0789037410027,73.4077652568301,72.9931098572369
"marketable_yield_today44","139",57.9682707065803,69.3652537646799,72.1396333161421,72.4524797337258,72.4491323600701
"marketable_yield_today45","14",57.0226682439679,68.9820100168583,71.8247830206375,72.5568191340268,72.6628412588837
"marketable_yield_today46","140",57.8870725990018,69.4095174590433,71.6833554451287,72.1868152038669,72.4081610685245
"marketable_yield_today47","141",59.8750984079616,70.2390279647377,72.8700017673183,72.5038477141357,72.9032422542191
"marketable_yield_today48","142",58.2859676778135,69.0918297020065,71.5002508923023,71.5558216317483,71.7297885073517
"marketable_yield_today49","143",59.9878577846488,70.0388062482914,72.0506877785515,71.9288502315558,71.7653103770288
"marketable_yield_today50","144",59.3916192709411,69.5682122389135,72.1720060060568,72.2943105575375,72.3741041489304
"marketable_yield_today51","145",59.8852698711774,69.9296174844629,72.138221232101,72.2403178257604,71.949068985433
"marketable_yield_today52","146",57.8729002842077,68.849082038924,71.5133254554128,71.7850375340819,71.5433732293871
"marketable_yield_today53","147",58.8205982792073,69.2922912087123,71.9599630408771,72.1047440267841,71.9612408100672
"marketable_yield_today54","148",57.536998808718,68.7598813652067,70.8358391717594,71.5381631803585,71.6435682993099
"marketable_yield_today55","149",58.4340695255415,69.6698956309699,72.2770324988418,72.7314153278809,72.6854646339602
"marketable_yield_today56","15",56.4408896533456,68.9667523885797,72.2880527302125,72.7123423016319,73.0981192196942
"marketable_yield_today57","150",56.3394524767114,68.1300770996818,70.9437169199494,71.7890169522902,71.5240842620002
"marketable_yield_today58","151",55.2900965688812,67.2279534742393,70.0223547262257,70.4892007123169,70.6116782849255
"marketable_yield_today59","152",54.7723860838845,65.7733441738533,69.1827128262938,70.3670728750649,70.2055648639798
"marketable_yield_today60","153",53.0958482846395,65.7386333212462,69.4023597972706,70.2945363997397,71.4834797149172
"marketable_yield_today61","154",52.3516730630772,64.8912671022588,68.6601345728569,70.3691473547216,71.2560077010673
"marketable_yield_today62","155",51.6497340538833,63.9613910414572,68.0754884935176,69.8018058450615,71.2380514417561
"marketable_yield_today63","156",49.2514444245532,62.9801258215685,67.0753606303587,69.2876182470463,70.5609837510305
"marketable_yield_today64","157",49.3718137844758,62.7313147812718,66.4858086309765,68.7938141757684,69.4508053562501
"marketable_yield_today65","158",50.4848445044372,63.368883436304,67.0748430251299,69.0512997115148,69.5552980883813
"marketable_yield_today66","159",51.1897417934685,63.229951833523,67.2714992987883,69.0175715476433,69.9222452911433
"marketable_yield_today67","16",56.8056614750805,68.5197255399414,70.9441813436272,71.9894058574349,71.8610256891059
"marketable_yield_today68","160",50.884246395817,63.4526056949759,67.2944361947113,69.6021302323877,70.6512795927559
"marketable_yield_today69","161",47.876736765251,62.1211772184983,66.177093143045,68.9537103012037,69.6634728291187
"marketable_yield_today70","162",63.096134921161,72.2822285263392,74.1783585786797,73.2114158842894,73.0103777766423
"marketable_yield_today71","163",62.7840636557521,72.3184245482671,74.2578086331915,73.6960127609288,73.2008066889546
"marketable_yield_today72","164",62.4380708430091,72.4092443662367,74.2488582870928,73.9549109784222,73.4159978543412
"marketable_yield_today73","165",63.4686227640857,73.2936097499707,75.128930890433,74.4108638836498,74.2087222325753
"marketable_yield_today74","166",62.4358571032659,72.6163471795584,74.7119198988539,74.0908792963182,74.1913781397509
"marketable_yield_today75","167",61.7119663210926,72.0765494949561,74.5289660168078,73.927332119151,73.5826586541759
"marketable_yield_today76","168",62.2620606183172,73.1782619132228,75.2835929915197,75.1925702583693,74.6804238635016
"marketable_yield_today77","169",62.0589085785766,71.8460734356232,73.6525753669218,73.2283169898388,72.9858852040112
"marketable_yield_today78","17",57.2636153164633,69.2005592721531,72.090487727304,73.291000512668,73.4826897216946
"marketable_yield_today79","170",61.9395458353502,72.2521892995797,74.6022472164043,74.2639762871072,73.8904930065682
"marketable_yield_today80","171",62.1524908323875,72.130109304808,73.9386596035223,74.101978146253,73.1824357034297
"marketable_yield_today81","172",60.9395976328392,71.3516010456343,73.2973684085997,73.6728668032225,73.2462007241558
"marketable_yield_today82","173",60.4431232386409,70.7567093463981,73.0423828514875,72.772135486767,72.7601176816373
"marketable_yield_today83","174",61.0302757511591,71.1653376318699,73.1968592084542,73.3304523655773,72.5579768565141
"marketable_yield_today84","175",59.6188500133733,70.6383114669275,72.7349049404018,73.0001099448591,72.7784081197922
"marketable_yield_today85","176",59.83160551395,70.5175790992131,73.1415684781953,73.6949011389441,73.3693817069826
"marketable_yield_today86","177",59.9464559021047,70.1296656067405,72.266540557751,72.2493219938531,72.1399507622003
"marketable_yield_today87","178",58.7000754823141,69.1976708400175,71.1953662639662,71.4366879823523,71.3497259234352
"marketable_yield_today88","179",58.6780657909816,69.3687917323263,72.0536405878165,71.9318909666217,72.2103984165421
"marketable_yield_today89","18",56.9764038053255,68.324673301055,71.1039643296592,71.8346122953725,71.7041395772511
"marketable_yield_today90","180",58.4636293657238,69.3014480571265,71.4798831348177,71.8362473366373,71.6969772484136
"marketable_yield_today91","181",57.6047636463408,69.1275772374546,71.3204556391903,72.1284061466222,71.5329659411132
"marketable_yield_today92","182",55.8143751064824,68.0420516219532,71.1188630662628,71.5383622012827,71.4734126559276
"marketable_yield_today93","183",55.7555175587055,67.4942915148463,70.7242418684491,71.3434194535155,71.8534674716959
"marketable_yield_today94","184",55.2483050638749,67.4973458817104,70.7663562408315,71.1472730253175,71.4467846807256
"marketable_yield_today95","185",55.6079036237026,67.5030258181604,70.1654034358028,71.205185750605,70.9300791149255
"marketable_yield_today96","186",56.5367646495966,68.1453025991683,71.0174887104816,71.4370100049083,71.680808166499
"marketable_yield_today97","187",56.9872987833203,68.2041127795046,71.2236186730491,71.6050422698899,72.0152923540551
"marketable_yield_today98","188",57.3245237255929,67.7174167694263,70.6311992213717,71.642473996726,71.4615816883574
"marketable_yield_today99","189",55.1964051653605,67.117296848279,70.3028345007593,71.3060675387219,71.6256032602093
"marketable_yield_today100","19",57.8569544253045,69.3063250191479,72.0331024444739,72.7564396711414,72.7575314385135
"marketable_yield_today101","190",53.0281719633037,66.2353607621595,69.5616012406179,71.086102651628,71.6340726231644
"marketable_yield_today102","191",49.6427242722734,63.1213323663195,67.4496675787777,69.8130943322567,70.5360060256059
"marketable_yield_today103","192",47.5041577069074,62.2083759740713,66.0272669103438,69.2097071909094,70.1443983333037
"marketable_yield_today104","193",47.7211541701482,62.3165177927704,66.3568175923669,69.2140710704288,69.7150708854969
"marketable_yield_today105","194",48.7991715759948,62.6085094538542,66.8977444610003,69.3552739584605,69.7230440923158
"marketable_yield_today106","195",49.1593985711047,62.4461698266128,66.6006148363963,68.7499551694073,69.8435011322461
"marketable_yield_today107","196",49.0870753847035,62.3811967023075,66.6081435324757,68.7129428905911,69.7472001446628
"marketable_yield_today108","197",47.79541903833,62.3419418716786,66.5700425105252,69.2412667587976,69.9777536058273
"marketable_yield_today109","198",45.061009679657,59.626281867248,63.7915167604443,66.715630922695,68.0867669637491
"marketable_yield_today110","199",61.7597848002155,72.4233334768745,74.6224106333974,73.2712801920654,73.5343240566116
"marketable_yield_today111","2",59.5256704280718,69.9182131276689,72.4487823102732,73.0547361682956,72.9405217779717
"marketable_yield_today112","20",58.048104037734,69.7112765014225,73.0696790141115,73.439264414656,73.6036465188242
"marketable_yield_today113","200",61.3374249765514,72.0790506814695,74.1177147848771,73.7444967882105,73.2925445422177
"marketable_yield_today114","201",62.57579478192,73.0859404759936,75.0622678904024,74.4632009105033,73.6442692317532
"marketable_yield_today115","202",62.5013364088593,73.447511394993,75.4902993838843,75.3055646047528,74.5774604217899
"marketable_yield_today116","203",62.4499930613765,73.0035280240693,75.4783014169275,74.772068467126,74.772470092417
"marketable_yield_today117","204",63.4420389964878,72.6003317024703,74.8492021159175,74.2837905104085,73.8901819620847
"marketable_yield_today118","205",63.7310453743782,73.1966766669311,74.8892079197682,74.4364778947546,74.1840999825113
"marketable_yield_today119","206",63.0954565570426,72.6020782288358,74.5594949400491,74.2289356318477,73.7306550961749
"marketable_yield_today120","207",62.7721674142146,71.5296102341833,73.8398580297728,73.522489470179,73.1828202573283
"marketable_yield_today121","208",62.0817593678989,69.8868367703613,71.002842779129,68.0042049648925,67.8103946288862
"marketable_yield_today122","209",60.0446649981468,71.0905366501878,74.1207466846077,74.3436123245807,74.0345775467473
"marketable_yield_today123","21",59.1594860768874,69.8111474186419,72.0797750107165,72.1847777443832,72.5217489943724
"marketable_yield_today124","210",59.9564263431168,70.1784110337223,72.5085313463139,72.17435751736,72.2230329116206
"marketable_yield_today125","211",60.0281081949352,70.6637183193316,73.2764160228667,73.2293317612957,73.1837890604778
"marketable_yield_today126","212",61.1329857564407,71.3593499803553,73.6899569362724,73.4731475292082,73.2310363688676
"marketable_yield_today127","213",59.7310430507658,70.433496878697,72.9188584476082,73.0474173330443,72.9125915270216
"marketable_yield_today128","214",60.3986294907209,70.6638316411419,73.0044806385304,73.0227250178049,72.4811322091095
"marketable_yield_today129","215",59.0558672945803,70.258392960664,73.4094567746884,73.5507537941493,73.5171347528206
"marketable_yield_today130","216",59.4348949285756,69.874424179625,72.9365331088043,73.069387898314,72.7914861053911
"marketable_yield_today131","217",57.4957057123055,69.2002220442805,71.8991435394273,72.17731082393,72.5189600644111
"marketable_yield_today132","218",58.0533461112128,69.5973880393157,72.6520063892066,72.8098196784237,73.2411384598102
"marketable_yield_today133","219",57.037492385066,69.3604709840665,71.9748884327386,72.863125336013,72.6487091875209
"marketable_yield_today134","22",58.8890281260642,68.9933852142479,71.1622746048095,71.8718381513252,71.3720635744219
"marketable_yield_today135","220",56.3961711782251,68.4482201268046,71.6744017613163,71.6975258477708,72.1330904595191
"marketable_yield_today136","221",55.591794528098,66.9841408133062,69.8413071433096,71.0691567447793,71.1920155806274
"marketable_yield_today137","222",55.4057278433845,67.607909061694,70.5584443905724,71.6161086012066,71.7747991788813
"marketable_yield_today138","223",55.9229390170986,67.7317862672419,70.7885441865767,71.901551111663,71.6190106323776
"marketable_yield_today139","224",56.0991487490139,67.0226249681551,70.2123018007115,71.3437466134781,71.3568313301776
"marketable_yield_today140","225",55.8380679025077,67.9137492137526,70.8420491385914,72.251473613124,72.5772484899886
"marketable_yield_today141","226",54.192176573857,66.1593495681592,70.1118987576622,70.9224239612197,71.1234924956552
"marketable_yield_today142","227",51.7124082072105,64.9635164774095,69.0668708932641,71.1410672519675,71.6820080466822
"marketable_yield_today143","228",46.3218841618919,61.6923237700977,66.0600988567309,68.7453573065009,69.9677202069494
"marketable_yield_today144","229",44.3629047542696,59.8373084631563,64.6191600790397,68.1376666568317,69.144050161935
"marketable_yield_today145","23",58.584692933949,69.7417925640874,72.1038139472731,72.3331707976828,72.5974407390677
"marketable_yield_today146","230",44.550850077975,59.9325831770247,64.628286287958,67.7473448131546,68.8707118449745
"marketable_yield_today147","231",46.6852467744376,60.9171075234953,65.2765964457715,68.2168450717374,69.8786630663579
"marketable_yield_today148","232",48.6019860565574,62.0496442675566,66.6108130241596,68.6937270514412,69.7387297075349
"marketable_yield_today149","233",49.4147896222445,62.7895753604267,66.5827044931223,69.0865336079845,69.8727014757669
"marketable_yield_today150","234",49.1753557086544,62.1721870731281,66.4580442704503,68.8689484911128,69.6928267745004
"marketable_yield_today151","235",45.2249624304185,60.4540152494984,64.7982165078382,67.5807406412854,69.0748828419214
"marketable_yield_today152","236",62.4952492755981,72.4894912219347,74.4088381717105,73.8338797258517,73.9809716353421
"marketable_yield_today153","237",63.6866369300095,72.9776553015125,75.2028552407869,74.6420338974197,74.0243609547705
"marketable_yield_today154","238",63.6335491362545,72.7899197730163,74.7238064790649,74.0075577700535,74.023842338993
"marketable_yield_today155","239",62.4737470455361,72.9571116113926,74.936761574289,74.6786092991399,74.3519195803976
"marketable_yield_today156","24",59.152599339087,68.5012013808597,70.9460410432932,71.2015320739793,71.0268567173985
"marketable_yield_today157","240",63.488171808651,72.4757106330561,74.400192536529,74.1156821922609,73.779146025374
"marketable_yield_today158","241",62.680154193722,71.9991720845741,73.8196000055131,73.6923338718998,73.4870199637293
"marketable_yield_today159","242",63.1194044055503,72.2546975745644,74.2617881341433,73.9368400891797,73.650087235159
"marketable_yield_today160","243",62.383151142384,72.2684725257719,74.4462784850165,74.0943816951493,73.2423881628182
"marketable_yield_today161","244",61.5844542541591,71.6206374316958,73.5936170885183,73.7178067920294,73.356845187522
"marketable_yield_today162","245",60.5911728813546,70.7525565383049,72.8031797438538,72.7186502548967,72.5580064406903
"marketable_yield_today163","246",59.9103466539539,70.883141916068,73.1845045627665,73.0348416731617,72.764588001662
"marketable_yield_today164","247",60.1104736986201,70.1010768609966,72.2993181960585,72.9643047303528,72.8432670757296
"marketable_yield_today165","248",60.024321651816,71.1163828212718,73.4387821407936,73.5921242579666,72.9243287322061
"marketable_yield_today166","249",59.0211511545763,70.0214532108515,72.6090523296103,72.4580465493698,72.5414759063273
"marketable_yield_today167","25",59.4681744779401,68.5520164103675,71.0838341444174,71.006354737503,70.592130067039
"marketable_yield_today168","250",58.891381647652,69.6800081104114,72.1834585695404,72.5085509550241,72.5750448177749
"marketable_yield_today169","251",58.7829671032779,70.167605974118,72.6157238113477,73.0158581220049,72.603369951784
"marketable_yield_today170","252",58.3000189096347,70.0072313072519,72.991937308955,73.2662415800425,72.9322959232094
"marketable_yield_today171","253",57.6478696371695,69.8020490932706,72.7602824881981,73.1876508658348,73.2307832919857
"marketable_yield_today172","254",58.808931423769,69.9268141045458,72.8929411446201,73.3996624016182,73.0219770736198
"marketable_yield_today173","255",56.989351777362,68.1930793587633,70.9436445249653,71.422551895059,71.5470419385283
"marketable_yield_today174","256",56.7769918862225,68.1009782449271,71.0542582162903,71.8928690350994,71.8082531935525
"marketable_yield_today175","257",54.8919731456115,67.1334270784174,70.1401054929251,71.7029692940785,71.4582620431201
"marketable_yield_today176","258",53.2102125652571,66.5462903934817,70.322775413189,71.8428026704498,72.0431913437403
"marketable_yield_today177","259",50.9438448982285,64.724141402583,68.1968254082605,70.1748760913425,70.5270822365455
"marketable_yield_today178","26",59.054294684814,69.7993818011858,72.2897985537343,72.7115599387114,72.3621206715691
"marketable_yield_today179","260",50.2829454832807,64.2108413566952,68.0386583030499,69.9254928160796,71.0412785669634
"marketable_yield_today180","261",49.2827361050853,63.5678910154481,67.516589863205,69.7023388138321,70.6372050356931
"marketable_yield_today181","262",47.3155410391651,61.6897949291022,66.2562103282458,68.8102607759442,69.9177519230028
"marketable_yield_today182","263",44.493710515987,60.2310811107305,65.0414233444898,68.001160980456,69.2056288667904
"marketable_yield_today183","264",41.8069036887955,58.4031993389424,63.0568446175744,67.0135945514474,68.3329793730641
"marketable_yield_today184","265",43.5439816703673,59.0252749913597,63.7102272987653,67.4332364983008,68.7417832802299
"marketable_yield_today185","266",45.0641097168906,59.7971254776884,64.5317679103209,67.4685994729915,68.8276279344822
"marketable_yield_today186","267",46.7015223559812,61.0706031909241,65.5519065710343,68.4968665884888,69.8164907357427
"marketable_yield_today187","268",47.958248157254,61.4804590069815,65.5703099195969,68.1468942441619,69.0383846750447
"marketable_yield_today188","269",49.1155968047818,62.8326956671249,66.9228537270695,69.0632891321889,69.9684066267917
"marketable_yield_today189","27",58.6772426925996,68.8756144500662,71.2091572451928,71.2542931438837,72.003851851146
"marketable_yield_today190","270",47.6216172539148,61.7920391125925,65.7044754658154,68.3704856713071,69.4103570243028
"marketable_yield_today191","271",46.852395833297,60.7012273191691,64.8906321674142,67.8499192599634,68.8861473284725
"marketable_yield_today192","272",63.175388389722,72.5541382476992,74.7380810430701,73.3987977536996,73.4733047945461
"marketable_yield_today193","273",63.034920606343,73.3258854998695,75.4182781870712,74.5433170579308,74.4278267330816
"marketable_yield_today194","274",63.1709624582642,72.6071803175227,74.6664361376625,74.2520873662831,74.0868708830807
"marketable_yield_today195","275",62.2434758009332,72.7031150651977,75.1969234227838,74.6116720524502,74.5656548332833
"marketable_yield_today196","276",61.7469277499801,72.8086484614464,74.9143714899464,74.523421784948,74.0993851384784
"marketable_yield_today197","277",61.3403434793539,71.5338858755556,73.6389488503634,73.8901644119221,73.7532791602793
"marketable_yield_today198","278",63.0275986683699,72.2456348713732,74.0757169383172,73.4411154268926,73.4639538032278
"marketable_yield_today199","279",61.218034481495,71.0396266288293,73.053088780567,72.6302015836208,72.3925956023681
"marketable_yield_today200","28",58.5292978253482,68.9746685859333,72.1937132915603,72.4718157829823,72.5246399185899
"marketable_yield_today201","280",60.0647464897824,70.2437884772092,72.6050401422385,72.4080053635818,72.4375161165148
"marketable_yield_today202","281",61.1488234451784,71.1319475269191,73.3458765822671,73.2617071382243,72.8525696060551
"marketable_yield_today203","282",59.2319717987209,69.7366368739233,71.8883701929652,71.9684762614068,72.2077792211491
"marketable_yield_today204","283",58.6057197889443,69.0563603938363,71.7512875376305,72.0708264816413,71.6083693724627
"marketable_yield_today205","284",57.9884029196803,69.2255786054918,71.9155393097845,72.3343049920712,72.563900811855
"marketable_yield_today206","285",58.1316594621471,69.2673236469132,72.0942184271397,72.4859693086441,72.5558935200186
"marketable_yield_today207","286",55.9854818822414,67.735441742027,70.9505070539006,71.8043708017228,72.1983783377396
"marketable_yield_today208","287",55.3158998085686,67.1020319581444,70.3803986197836,71.1943057514813,70.9974676286365
"marketable_yield_today209","288",54.1123617529006,66.5021397788276,69.7156569562155,71.0026953633118,71.1067459076181
"marketable_yield_today210","289",53.0974381869933,66.1170214869675,69.5008749166553,70.6051229885606,71.3455194259141
"marketable_yield_today211","29",57.670324003255,68.0597208416078,70.8489957784046,71.166375551325,71.1428901696295
"marketable_yield_today212","290",51.7747108983053,65.5707699909895,69.4363453333873,71.3341434675589,71.7222324296543
"marketable_yield_today213","291",50.0398110381277,64.0312717786815,68.3163740998113,70.2784031800428,70.7377973301795
"marketable_yield_today214","292",46.5889078143062,62.6443122368577,66.6583301077367,69.1476590469408,69.820094870418
"marketable_yield_today215","293",44.7549178462887,60.2637475672046,64.6016457859842,67.3349726606131,68.3757224855442
"marketable_yield_today216","294",44.0129008623026,59.6684630167893,64.0285995020928,67.1057931185812,68.3609014483122
"marketable_yield_today217","295",43.2254158586883,59.0971579225169,64.4244930255476,67.8918535458371,69.2668302108276
"marketable_yield_today218","296",41.3848834133588,57.5386916081642,62.670904843367,66.7398947145986,68.1849228763721
"marketable_yield_today219","297",39.3405093027537,55.6827228306956,61.0882494040359,65.6061781526122,67.422093961602
"marketable_yield_today220","298",39.4933883067073,55.7915068765323,61.2215172054876,65.956785321201,67.8458739486119
"marketable_yield_today221","299",40.0284475743547,56.2264796251584,61.3366510942397,65.7250259094742,67.3412783751251
"marketable_yield_today222","3",59.4072638873869,69.2848561110423,71.5991756367015,72.1054180620819,72.564802558865
"marketable_yield_today223","30",58.0873574865926,67.6171667904677,70.4964887481549,70.3182285329708,70.4539777942607
"marketable_yield_today224","300",42.4398924805079,57.7972021350189,62.6536467980579,66.6660558866373,68.2145861491359
"marketable_yield_today225","301",45.6490189466115,59.9044456105457,64.686380405703,67.7951308477599,69.0752710560412
"marketable_yield_today226","302",47.0805394442495,61.7607538874249,65.7113548822549,68.4711924144959,69.7634737639075
"marketable_yield_today227","303",47.6283579196426,61.9092724712267,66.1329692016629,68.7329763905392,69.6037967680164
"marketable_yield_today228","304",48.5147435710616,61.9077975811903,66.2809049552105,69.0831027357747,69.8152467822836
"marketable_yield_today229","305",47.5223392104623,61.5917783784672,65.5779990373267,68.4668658675055,69.6124612029693
"marketable_yield_today230","306",63.4427332392724,72.9809862634566,75.1718737979063,74.6275488028469,74.0860995867232
"marketable_yield_today231","307",62.0145819439767,72.0330252906392,74.2361025689447,73.7854579691275,73.1413616012202
"marketable_yield_today232","308",63.2395825401793,72.9016515253798,75.3240291177141,74.9943752732091,74.6323525667478
"marketable_yield_today233","309",63.6479182327414,72.6491192409351,74.2467659800216,74.1903481894914,73.567740089337
"marketable_yield_today234","31",57.0850222633804,69.2224301154615,72.1706737320173,72.5126918024944,72.071046848224
"marketable_yield_today235","310",64.3569344340361,72.3712025344759,74.455751859622,74.0807851035591,73.9627772244224
"marketable_yield_today236","311",63.9685190931086,72.3841368320077,73.8181558108219,73.6834393791518,73.5161052008149
"marketable_yield_today237","312",61.3589449366457,70.9065636420046,72.7165776344749,72.4003517859808,72.0325030568263
"marketable_yield_today238","313",58.4652053666441,69.9752400666464,72.6093835962543,73.0492721319694,72.5281882862235
"marketable_yield_today239","314",57.0389531376581,68.8416224851106,71.7724419661701,71.8880437952496,71.79787638322
"marketable_yield_today240","315",54.7487549380869,67.7798951667154,70.542994350327,71.7249407487776,71.8844285620514
"marketable_yield_today241","316",54.8534006217868,67.3090553129116,70.6175731455044,71.7976918435359,72.1899971073071
"marketable_yield_today242","317",55.1546735507036,66.9822362444531,70.5167013160854,72.0432812265481,71.9128934678264
"marketable_yield_today243","318",53.4687077658698,66.3985999090637,69.8770012906348,71.4103060864416,72.1261587463835
"marketable_yield_today244","319",52.0502370272986,65.3143007766786,69.0391313092059,70.8163281822961,71.0644655505827
"marketable_yield_today245","32",57.2906487491348,69.4078578080764,71.9424342952798,72.284936640225,72.1251610508612
"marketable_yield_today246","320",50.4382318702008,64.5969558620773,68.8992961469594,70.8980212907359,71.8655508183161
"marketable_yield_today247","321",48.4095707682177,63.6648512685998,67.9507879489386,70.5600060403187,71.3454287649891
"marketable_yield_today248","322",45.0505086662962,60.9629106304561,65.2965817854812,67.8333853681728,69.1939915229713
"marketable_yield_today249","323",43.8215984100154,59.8109863611798,64.7672752647246,68.0940016617519,69.3707215146182
"marketable_yield_today250","324",42.6310420814201,58.5894192797766,63.2262609626566,66.9372221203581,68.6629146024305
"marketable_yield_today251","325",41.0671825687158,57.7693194092716,63.0374652181139,66.8389007692358,68.4418171173505
"marketable_yield_today252","326",38.3551595876562,55.9742181487974,61.5757359799668,65.6177542410971,67.3292218755751
"marketable_yield_today253","327",38.8181328897323,55.189716924084,61.0257840782674,65.4782821245498,67.4586396714113
"marketable_yield_today254","328",34.6044359404123,52.7591540023835,59.039361269906,63.5534736587702,65.5291533309116
"marketable_yield_today255","329",35.1730378193948,52.5179082761503,58.504729005904,64.049810714521,66.4270386084592
"marketable_yield_today256","33",57.212743294904,69.4503445083494,72.3210366888986,72.1018312655578,72.3282929771085
"marketable_yield_today257","330",31.6037701166461,48.8722129994323,55.5038648675056,61.1185323099338,63.7522861972979
"marketable_yield_today258","331",34.1302890082732,51.1381341931888,57.1634339084243,62.4453081145167,64.8905488868689
"marketable_yield_today259","332",34.9918540345756,52.683328747048,58.5640792804438,63.3412258644829,65.0009992065158
"marketable_yield_today260","333",40.9202282366786,56.9836813028137,62.2455514659644,66.4027541055334,68.2916730520413
"marketable_yield_today261","334",43.063345406709,58.3021397036349,62.7658915171141,66.5693773080688,67.8804205229506
"marketable_yield_today262","335",44.6427036088316,59.3529775805377,64.1279494144168,67.0564912368928,68.6282412940525
"marketable_yield_today263","336",44.7960192585933,59.532462793302,63.9636815180545,67.171857776664,68.4784911588583
"marketable_yield_today264","337",62.4600813151849,72.6001841078755,74.5929975669553,74.3331207700289,73.2855969531253
"marketable_yield_today265","338",62.3433582313866,72.7948476636734,74.7001276874968,73.9962612226723,73.6439009481108
"marketable_yield_today266","339",62.4928600109728,72.0763533013805,74.2655114953607,73.9545532385176,73.1577405295422
"marketable_yield_today267","34",56.8344087043066,68.9601587792155,72.0141924540777,72.7273730449627,72.4921122396257
"marketable_yield_today268","340",62.6397028030773,71.9874749406343,74.1231068545807,73.4942455743945,73.4646813287315
"marketable_yield_today269","341",61.8153410209387,71.3550014336428,73.0564662667564,72.813028217507,72.6500355693264
"marketable_yield_today270","342",62.2730879344202,71.4836260159698,73.1480672871167,72.6495371024954,72.5027446182965
"marketable_yield_today271","343",60.9851600272309,71.0935059830085,72.6589911460538,72.3278246663297,72.0703393010449
"marketable_yield_today272","344",60.4817456327527,70.7690069590514,72.7890087729236,72.8912536776361,73.0517319709864
"marketable_yield_today273","345",56.9575679461229,68.1003992385877,70.405490859827,71.1579832585917,71.5803389010293
"marketable_yield_today274","346",53.6367480861386,66.368938987868,69.9948096222211,71.5287020956378,71.3540224902323
"marketable_yield_today275","347",50.4633567882605,64.0915505432718,68.2128347550251,70.5031550659938,71.1984712333588
"marketable_yield_today276","348",49.2207805399311,62.8482409385975,67.4120108321401,69.5391614825509,70.4028242229347
"marketable_yield_today277","349",47.4456529860303,62.1107949082051,66.189274845332,68.4528584776732,69.4844621856013
"marketable_yield_today278","35",57.7638174319074,69.1409256711341,72.1391252496533,71.9633647068919,72.2180722421449
"marketable_yield_today279","350",45.4837436588086,60.5959971122138,64.8946254678554,67.9557767527799,69.0970588566418
"marketable_yield_today280","351",44.2965017522105,59.5966427783818,64.8266173309011,68.0197562909597,69.4599526243689
"marketable_yield_today281","352",42.1279461753726,58.0736860688992,63.4283278258,67.7314922958114,68.8904884554976
"marketable_yield_today282","353",40.2835118399364,57.4829364321366,62.9783262270821,66.418372785561,68.2031928260341
"marketable_yield_today283","354",38.97248007509,54.8579393257178,60.3996655437181,65.0880226705759,66.8765193901281
"marketable_yield_today284","355",38.2320471319175,54.9542225158295,60.3105995337987,64.6922534453068,66.8739611433871
"marketable_yield_today285","356",37.2349697058233,54.6240143771552,60.2634706343792,64.9104085600206,66.2005586709275
"marketable_yield_today286","357",37.4178114962048,53.9655969917348,59.9571963064062,64.9144340139263,66.8566328808224
"marketable_yield_today287","358",34.9256123204852,51.1330968736539,56.9173396389511,62.0595898439071,64.7599126559674
"marketable_yield_today288","359",31.9394438315497,49.2128775751711,55.006370521612,60.7813538772981,63.3109696700065
"marketable_yield_today289","36",57.8912524541483,68.8720388291298,71.1181621147663,71.2157803987592,71.310091400233
"marketable_yield_today290","360",29.3962000000236,46.2809444524834,52.8609288500326,58.7063780018096,62.0610368783087
"marketable_yield_today291","361",28.3793035453883,45.5958178568906,52.6217975272401,58.5245632472886,62.2107560898939
"marketable_yield_today292","362",27.7774984012726,44.4909759342044,51.1464236361909,57.6948840613241,60.8578019190863
"marketable_yield_today293","363",31.4103012818023,47.9429815571735,53.8047419990704,59.7156291676203,62.1716690846939
"marketable_yield_today294","364",35.0840211161673,51.6583277736903,57.3547094739615,62.3277429194962,65.1539598107615
"marketable_yield_today295","365",63.2419875521051,68.4829920286642,69.7722899302914,66.8897595759975,66.8003930303604
"marketable_yield_today296","366",63.1252381894512,71.9730061918707,74.0360023872382,73.1265907632149,72.4134763183205
"marketable_yield_today297","367",62.8978549360454,71.9736914717811,74.2421314715564,73.6004878072353,73.1772987860544
"marketable_yield_today298","368",61.5464955642383,71.2706487559104,73.4458433408651,73.1703526472592,72.8912701180383
"marketable_yield_today299","369",61.1347672136298,71.5224267432472,73.8737679016816,73.4859479133692,73.3847042565763
"marketable_yield_today300","37",56.490098675443,68.951166382092,72.1271129790222,72.6467368880988,72.9165871933324
"marketable_yield_today301","370",62.9434092448619,72.3270896562198,74.374719688656,73.8353578725561,73.1960483752479
"marketable_yield_today302","371",62.8320029615763,71.7838685765688,73.0992813588957,72.9818306190771,72.4786691395881
"marketable_yield_today303","372",63.4210183222726,71.7438301395256,73.4698289145574,72.899948982211,72.3480725666404
"marketable_yield_today304","373",62.5762821486113,71.4588727768103,72.9412995511091,73.0925943759102,72.577620801829
"marketable_yield_today305","374",59.617292628161,69.5183585424162,71.7908740142055,72.0933973330791,71.9673685040194
"marketable_yield_today306","375",55.7682016598938,67.381884466472,70.0767728367377,71.1346943706965,70.8383724159093
"marketable_yield_today307","376",52.567318935826,65.8797185602382,69.2260663049597,70.724700193395,71.0913701481071
"marketable_yield_today308","377",48.9582478825443,62.6352516769285,66.596006928993,68.9039549093109,69.3158819762461
"marketable_yield_today309","378",46.1994516332171,60.5194275170653,64.691538896341,67.9647296717358,69.0439658947258
"marketable_yield_today310","379",43.4489128230633,58.7565348334915,63.6187599398902,67.2843277030342,69.0139529062935
"marketable_yield_today311","38",56.6272248195215,68.7830008296197,71.4695835389052,71.8630162213491,71.7549051280383
"marketable_yield_today312","380",38.8191158538837,55.8726760737973,61.1334257867339,64.9802109013029,66.5863387822861
"marketable_yield_today313","381",38.8602830139061,55.3956525058093,60.8297646762809,64.6330561665346,66.3506142929689
"marketable_yield_today314","382",37.8913319836486,54.340046853302,60.0897231317148,64.9577476605432,66.4845848948777
"marketable_yield_today315","383",37.1638423321871,53.7783645081706,59.8542754923922,64.0648594263734,65.9550602304877
"marketable_yield_today316","384",36.3766435787159,53.2135532560421,59.0150359545624,63.5032410986777,65.1505235053862
"marketable_yield_today317","385",38.5604280325954,54.808355600775,60.5443839687169,64.9817427886406,66.7156286601374
"marketable_yield_today318","386",38.5902409907172,54.6973295429455,60.5461988346008,65.0554062084292,67.5097184686991
"marketable_yield_today319","387",34.8935661424249,51.5890250892142,57.8828435161429,63.0791573469893,65.5073641287776
"marketable_yield_today320","388",28.9549427571997,47.5014408653549,54.044492570301,59.8579280446507,62.6410508513849
"marketable_yield_today321","389",28.4707858720029,45.2391189281697,51.9161937396745,57.6174185067784,61.0614909979872
"marketable_yield_today322","39",56.0243545758545,68.0411302229788,70.9678166533832,71.8463757073969,71.9915384320002
"marketable_yield_today323","390",29.0159173086908,46.3933371824073,52.7323133659066,58.8329011590011,62.1392839405922
"marketable_yield_today324","391",30.3202590727604,47.6435617026576,54.0708510407303,59.7874130864431,63.0491625428563
"marketable_yield_today325","392",32.3852167828831,50.7605255500881,56.6627190787523,62.1170193082644,64.3014435833711
"marketable_yield_today326","393",36.9326181311673,53.1614495290266,58.398586789745,63.4709199051352,65.3808414922113
"marketable_yield_today327","394",63.8533426102727,73.4800333640674,74.6385375282866,74.0962159287822,73.208106795113
"marketable_yield_today328","395",62.7589461730019,72.4554188393527,73.894311462365,73.0520858130269,72.6769213635394
"marketable_yield_today329","396",64.5412173216837,73.0711662373735,74.3125612015451,73.4632819214569,72.6126049116712
"marketable_yield_today330","397",62.063014487556,72.0634369339989,73.9545821774156,73.3977105824444,73.0835765151479
"marketable_yield_today331","398",60.9720606352815,71.0313555837785,72.7180732499774,72.6732584107007,72.5049462394688
"marketable_yield_today332","399",62.4147896552223,72.0563057686377,74.0715603234015,73.8714214712569,73.1621565123106
"marketable_yield_today333","4",55.7575660720515,67.5911348766824,70.8919007506238,71.3533924459472,71.903209514294
"marketable_yield_today334","40",55.6389243782717,67.9967546900612,71.3376155529616,72.5977865908459,72.9092067047302
"marketable_yield_today335","400",60.2921856719965,70.9215244048067,72.9139007300174,72.8512462429164,72.2438078146279
"marketable_yield_today336","401",62.5222563003393,71.6609909132017,73.5665348572004,73.3729570298505,72.6070699931735
"marketable_yield_today337","402",63.9509123860176,72.0189199086139,73.6551782102412,73.5296378544762,72.7687790136687
"marketable_yield_today338","403",63.8598921493645,72.3409895708813,73.5409582972877,73.4051057280343,72.4970834433218
"marketable_yield_today339","404",62.4998310564844,71.160753128673,72.5571725747525,72.7582040857522,72.1887974172748
"marketable_yield_today340","405",60.6796186356347,69.4047375468227,71.4765176027546,71.5691218366148,71.4537601600817
"marketable_yield_today341","406",56.4287672911741,67.8137479642157,70.7978130657109,71.4895033635432,72.1739584039431
"marketable_yield_today342","407",50.9241311965828,64.0798717646481,68.0687828031064,69.4317409342861,70.0056700324522
"marketable_yield_today343","408",48.3904646235345,62.6162442062307,66.6380095213048,69.0994013733328,69.741908911092
"marketable_yield_today344","409",42.8370848388012,59.6184430729741,64.092555611991,67.0777485170611,67.657054265629
"marketable_yield_today345","41",56.3143525682731,67.8406153408601,71.321058035997,72.0061013111812,72.329632109543
"marketable_yield_today346","410",42.0751428373974,57.6912899680343,62.787019765964,66.0238303494982,67.368800748003
"marketable_yield_today347","411",39.0046491092261,54.6802797389696,59.9140867711237,63.9978739530307,66.0642251883229
"marketable_yield_today348","412",38.0949693576802,53.525834987885,59.2219898185377,63.9045028266882,65.42371933855
"marketable_yield_today349","413",36.3090959844981,52.5545386825828,57.9914810605833,63.0147970557751,64.8249062903619
"marketable_yield_today350","414",37.6663564840204,52.9426939265996,58.3586759110953,62.8800925112518,65.161491180596
"marketable_yield_today351","415",36.6155837475821,53.1647997392366,58.842066545501,63.0927423639695,65.6375577365461
"marketable_yield_today352","416",36.03345735837,51.7627447353143,58.0192685388626,62.5822839545581,64.9151754702295
"marketable_yield_today353","417",33.6420315382134,49.7209574187097,56.1483254178586,61.4455790687313,63.9823434382179
"marketable_yield_today354","418",30.937914206986,48.2034721787457,54.4558687299737,60.4985916009843,63.3215162393149
"marketable_yield_today355","419",26.6908541713784,45.3803370118121,52.0308945023709,58.3184804295716,60.9939238070592
"marketable_yield_today356","42",54.7763984179999,67.5374290708394,70.2432415297304,71.0490734449136,71.6259763317845
"marketable_yield_today357","420",33.0393000232777,50.0620780430221,55.4818862916719,61.3083968735396,63.9934587626138
"marketable_yield_today358","421",37.3449845181408,53.3564476740201,59.1442312345088,63.9162605268481,66.0722329784782
"marketable_yield_today359","422",40.9657305533879,56.1511355270836,61.2183512953735,64.9747247043894,67.2109050856885
"marketable_yield_today360","423",40.2552595556621,56.0403604070992,61.0506691866234,65.131044391515,66.6626596159051
"marketable_yield_today361","424",62.889657895572,72.4070357145173,73.7791433178561,73.1950514124963,72.1925017681323
"marketable_yield_today362","425",62.3540969731706,72.2749665884741,73.7771786710681,73.6671602481106,72.9550984122519
"marketable_yield_today363","426",62.0322799661507,71.4116577140818,73.317402950348,72.4363460628339,72.0263962535845
"marketable_yield_today364","427",61.1908843122121,71.087166916509,72.9715186204935,72.7350876978323,72.4543460473944
"marketable_yield_today365","428",62.3415819679009,71.208408639362,73.0853024219473,72.572718313248,71.9749650176443
"marketable_yield_today366","429",60.7708461352769,71.2710041792259,73.2521103153174,72.6087308981579,72.0954794991787
"marketable_yield_today367","43",56.5598150718839,68.4741647235816,71.2342064626489,71.761093204844,71.5155622746911
"marketable_yield_today368","430",60.4810285485439,71.4485726488306,73.2417993037071,72.8562522147717,72.4126958411702
"marketable_yield_today369","431",60.6615554238382,70.9897087878002,73.2145070434286,72.8482153000314,72.3225043074672
"marketable_yield_today370","432",59.218693952502,70.0521507268001,72.4537901357478,72.0618222099999,71.9613258187763
"marketable_yield_today371","433",59.8223601963203,70.272754962715,71.8919575011025,71.7057534561579,71.4958206125493
"marketable_yield_today372","434",61.4743766969466,70.2720777182349,71.9535170969562,72.0429351401678,71.5455505737784
"marketable_yield_today373","435",61.521233916289,70.5493595605797,71.8079591098709,71.8529911447144,71.4550141065992
"marketable_yield_today374","436",60.8110383452697,69.6093007492818,71.1362101417874,70.7584798872077,70.8574061324724
"marketable_yield_today375","437",58.7564911120821,67.9506546853438,69.9714942297864,70.2402767820456,70.1445082943467
"marketable_yield_today376","438",53.6369211506983,65.9894569177753,68.9835638688072,70.062703075238,70.4454842878798
"marketable_yield_today377","439",50.1437728615722,63.119770779352,67.0333092578898,68.8587801974448,69.491350997619
"marketable_yield_today378","44",57.2705300074549,68.4130957526283,71.1927286298162,71.543106218543,71.8023929167502
"marketable_yield_today379","440",47.3540787446069,60.2662149071537,64.8975845159023,67.8708223901606,68.135758525389
"marketable_yield_today380","441",43.7452438225826,58.8696100161576,63.2202354822833,66.1337448225866,66.8647123381843
"marketable_yield_today381","442",41.4262494884826,56.4117294346203,61.109203798503,64.9494907230197,66.0705736049769
"marketable_yield_today382","443",38.7722026324168,54.5237366013794,59.8636914303131,63.7226720192054,65.5564589471395
"marketable_yield_today383","444",37.2926173040484,53.0751236522219,58.3331289502206,62.541831504967,64.6182589821971
"marketable_yield_today384","445",36.3741235022355,51.7357447094882,57.4155302525903,62.1760762553992,64.1861748571313
"marketable_yield_today385","446",35.8755148991548,51.6325768086851,56.7944844520434,62.0684765188415,64.2243945136209
"marketable_yield_today386","447",33.2984366364663,51.1415542649497,56.6939452537838,61.8979247129143,63.7260828580504
"marketable_yield_today387","448",32.6038655979366,48.600210392343,54.0288137045296,59.8601657918931,62.5615875566883
"marketable_yield_today388","449",29.9808648847205,47.3024255605104,53.1960903678629,58.7012932968832,61.9151306085082
"marketable_yield_today389","45",57.4362389401434,67.6115281825527,70.4897064246507,70.9636935475953,71.4008909897998
"marketable_yield_today390","450",30.989787558642,48.0652045339352,54.003987095018,59.5347016408795,62.0330219556837
"marketable_yield_today391","451",37.0376765618875,52.5306314160422,58.1154319070701,62.9101437310564,64.6948885787204
"marketable_yield_today392","452",41.9013701182172,56.7644096434906,61.4359774150495,65.4102136909751,66.5109103585615
"marketable_yield_today393","453",57.8993666790374,70.3639207761187,72.5982381037914,72.8653332731331,72.5360758145969
"marketable_yield_today394","454",59.9852905071357,71.3985596807631,74.1768293290391,73.9300368581413,73.3651253442155
"marketable_yield_today395","455",58.1758241925358,71.0923362921488,73.832642883291,74.2741706673135,73.5740634084485
"marketable_yield_today396","456",56.713107913507,70.2323532361947,73.0810263933242,73.3806154816294,73.3435007314907
"marketable_yield_today397","457",57.9401979493811,70.3618306567358,73.3541631541246,73.3164337464731,73.282149827075
"marketable_yield_today398","458",59.1514939261528,70.4619205865212,72.9789945040678,73.1331633778098,72.7445572073791
"marketable_yield_today399","459",59.8664507775084,71.515478716123,73.7792720742448,73.7234396224156,73.6557438762848
"marketable_yield_today400","46",57.0090667850757,67.8385715122515,70.677049597284,71.1845795942787,71.194236309568
"marketable_yield_today401","460",58.4800815226269,69.8104635055833,72.4717966735197,72.4264399485897,72.3129458187364
"marketable_yield_today402","461",58.5760850876804,70.1015796426246,72.5654279412041,72.5956391025444,72.5459549739569
"marketable_yield_today403","462",58.3644415445216,69.4785256151352,71.7332140467513,71.8493066354328,71.7462040083325
"marketable_yield_today404","463",59.1201587472464,69.9546143217273,72.3719952278779,72.3069837544835,72.1804432537625
"marketable_yield_today405","464",58.6874989389612,69.377772824604,71.7437183806769,72.1723599278687,71.80653783536
"marketable_yield_today406","465",59.1732808766992,68.8706227691237,71.0062107091721,71.3745939918157,70.8260292942981
"marketable_yield_today407","466",55.9957865100522,67.7287844411705,70.5224325424959,71.5276327267525,71.7653284047494
"marketable_yield_today408","467",52.7589646333447,66.0370348799932,69.5109782906871,71.3094534571727,71.5770963178427
"marketable_yield_today409","468",49.3722045252695,62.841035238715,66.6568605297369,68.9990535520552,69.5382180808009
"marketable_yield_today410","469",46.8934449871278,61.4731210945352,65.4161557488095,67.68627360586,68.4473533129265
"marketable_yield_today411","47",57.9190527984597,68.0660534857518,70.474645392704,71.4833155804738,71.2721581023191
"marketable_yield_today412","470",46.2494104764666,60.9359327020174,64.9148677304148,67.9162315671471,68.1556570688749
"marketable_yield_today413","471",44.3628147909395,59.2973166429165,63.4404993876666,67.1449314772446,67.9030356826095
"marketable_yield_today414","472",42.640337088843,57.1135390712151,61.535387264911,65.4040193624913,66.2569525532744
"marketable_yield_today415","473",40.3704528961789,56.123845157361,60.5766881790225,64.73638942819,66.4198250717833
"marketable_yield_today416","474",39.8499665588216,55.461367798463,60.7742618882887,65.0390189266446,66.5630715569127
"marketable_yield_today417","475",37.6023339467008,54.9928124384303,59.5553948819752,64.321731064229,65.7615082449149
"marketable_yield_today418","476",36.6179792821733,53.573037164504,57.9832585477984,63.0151406165682,65.2834089031874
"marketable_yield_today419","477",35.0333883831672,51.5906573050801,57.0751908699247,62.4519531763548,64.4877850276722
"marketable_yield_today420","478",35.5058310042049,51.7233274722815,57.2031278591796,62.2947487173198,64.4279460139026
"marketable_yield_today421","479",39.1621315013321,55.0463941042075,60.2019207679582,64.2573974591883,65.9664897800689
"marketable_yield_today422","48",55.769832198201,66.8690369889096,70.0347965863991,70.8134163992326,71.4805629782185
"marketable_yield_today423","480",54.6995408434552,68.6378059787183,71.8936913525236,72.7883982520006,72.5488330032306
"marketable_yield_today424","481",54.5067691567825,68.5916189595043,71.9012326564901,73.1865244734036,73.1738132838458
"marketable_yield_today425","482",53.207457642317,67.8819845859854,71.2912987328128,72.6474441508436,72.9452370666807
"marketable_yield_today426","483",52.0625571970777,66.686651812367,70.6045230601082,72.0480489193467,72.2423857603893
"marketable_yield_today427","484",52.3515342768602,66.826828803284,70.4634153797032,72.199894566597,72.5352790267446
"marketable_yield_today428","485",53.6275100937482,68.2782336040197,71.4408587880783,72.7294147740875,72.9079211475274
"marketable_yield_today429","486",56.6016091624924,68.7961911098425,71.4658182010737,71.8102226949456,71.6686117058526
"marketable_yield_today430","487",57.1529404818217,69.263227154911,72.113737820405,72.4407237461544,72.2574787364996
"marketable_yield_today431","488",57.4401288723575,69.3479188599984,72.3124009044699,72.817500230803,73.095858324586
"marketable_yield_today432","489",56.9379784479155,68.2888613628956,71.0414159554643,71.058773165046,71.157907441447
"marketable_yield_today433","49",58.3119182042663,70.2073482873418,72.8455622690038,73.1880971081889,73.2388069859207
"marketable_yield_today434","490",59.3514946073516,70.6632665531689,72.9816270142845,73.5378927077021,73.512874526798
"marketable_yield_today435","491",59.5451788900354,70.6576846504755,72.9438439741867,72.999604286536,72.5644258334587
"marketable_yield_today436","492",59.3825970324822,69.6890084710961,72.0275169583559,72.0978986437684,71.7047150900055
"marketable_yield_today437","493",57.7406052493594,69.2959205264764,72.3348581059392,72.6087362683865,72.5982033192524
"marketable_yield_today438","494",53.3470121137397,65.9404426060278,69.1365505238076,70.3844797571302,70.3923970786632
"marketable_yield_today439","495",51.8776796009158,64.2046325366811,67.7718394937004,69.4513480967456,69.7739552776793
"marketable_yield_today440","496",49.7537355360147,62.9911633457779,66.8345679328982,69.1505317360662,69.8704785108066
"marketable_yield_today441","497",48.8808782395733,62.0227553648321,65.7207815895343,68.415295148791,69.303919169228
"marketable_yield_today442","498",47.6246981476266,61.5535906543924,64.9525645869092,67.7678497708653,68.1388505809206
"marketable_yield_today443","499",45.4072145187466,59.9615651527612,64.1954054106012,67.3186486645525,68.093712601814
"marketable_yield_today444","5",56.8029287709152,68.1514443011295,71.8298484041147,72.6336391242258,72.695971761927
"marketable_yield_today445","50",57.6032604568717,69.6925132819253,72.3700741319848,72.4383829515672,72.1902479894518
"marketable_yield_today446","500",42.7355388362972,57.7449019269811,62.461190182256,66.1555475104327,67.1969537493462
"marketable_yield_today447","501",40.8692152047784,55.8452799105803,60.6956118858491,65.0115811659657,66.1000209582436
"marketable_yield_today448","502",40.4397465235935,55.8021054148015,60.5520067527224,64.6700682705889,66.195417922033
"marketable_yield_today449","503",39.2320291054842,55.2620023593556,59.7532422155852,64.238693303145,65.8790966938702
"marketable_yield_today450","504",38.973024674421,54.5618985283303,59.4137415536842,64.2465644094511,65.8070859205596
"marketable_yield_today451","505",40.6333865736128,55.7937772228979,60.6212460828096,64.7965703750897,66.4573208644263
"marketable_yield_today452","506",51.1318301708489,66.2175474843855,69.9272071223462,71.644684879999,71.5224444693759
"marketable_yield_today453","507",49.0761469413102,65.0202127645624,68.8284862787092,71.5391398973264,72.4312934794052
"marketable_yield_today454","508",46.4006027829854,62.7304829476274,67.9359707638096,70.7942078101034,71.1693374716202
"marketable_yield_today455","509",42.5863706876538,59.9555782906704,65.3800538618226,68.7150799058882,69.7344635147803
"marketable_yield_today456","51",57.8725461964403,69.6567988318926,72.3708901591644,72.4874850655509,72.3121104103914
"marketable_yield_today457","510",43.0166229592439,59.9492635612977,65.0814670247322,68.2133776402336,69.8976977023527
"marketable_yield_today458","511",48.7474568130735,63.7592253038315,67.9474620767759,70.6531756437422,71.7043490653245
"marketable_yield_today459","512",50.5991495242246,65.5895591046437,69.3349972029519,70.8213871541874,71.4818095130917
"marketable_yield_today460","513",54.7243582493571,67.746528689917,71.1386521468348,72.1690380706086,72.3408241976948
"marketable_yield_today461","514",55.1483026372687,67.8554678405872,70.8452135415141,71.9267032765813,72.3245098330722
"marketable_yield_today462","515",55.6563688394258,67.901704940061,70.918161627148,71.7376132858033,71.8014895190246
"marketable_yield_today463","516",56.6813664347766,68.6914354444709,71.5044999647626,72.2339276255006,72.0688705486998
"marketable_yield_today464","517",58.4104317007797,70.1289081620855,72.7670042850633,72.8140057455719,72.9647140732466
"marketable_yield_today465","518",58.1543250942204,69.1453540598461,71.4495193361257,71.5770786242182,71.680221261674
"marketable_yield_today466","519",57.4004043337169,68.53138322992,70.8758060076457,71.2119891343195,70.9225385715947
"marketable_yield_today467","52",57.7404465522965,69.3933632543022,72.3701040889053,72.7822599487647,72.8350158801622
"marketable_yield_today468","520",52.3894041363561,65.0060969649063,68.6338541749615,69.8128731193458,70.5256998747382
"marketable_yield_today469","521",49.6302589311989,62.7937206680212,66.8266968389043,68.4857811029585,69.0765479580274
"marketable_yield_today470","522",48.7277415706997,62.04303248721,65.8399097087185,68.3447255290909,68.945337500339
"marketable_yield_today471","523",48.0517240380265,61.6418069296494,65.4586946188078,67.6042530065335,68.20066522934
"marketable_yield_today472","524",47.1174227572018,61.0111496628485,65.205792320489,68.2232758318748,68.8488456884112
"marketable_yield_today473","525",35.8084167474871,51.9854307966133,56.9146613581254,62.0766770246424,63.9057980374435
"marketable_yield_today474","526",37.5461563110115,53.5623086734411,58.8583216855572,63.6284869512822,65.4202428262428
"marketable_yield_today475","527",40.0963140794782,55.5750908710011,60.4493463081557,64.7958039107926,66.3194605221172
"marketable_yield_today476","528",36.1617383261271,54.618481577584,60.8850261861278,65.7518410154612,67.771099773436
"marketable_yield_today477","529",33.5592492372558,51.8074507773511,58.2976614958593,63.5791933003419,66.3490569420147
"marketable_yield_today478","53",57.9124796458789,69.762250094182,72.7609706416859,73.0984730271352,73.021571665463
"marketable_yield_today479","530",36.3437034766736,54.3077421420453,60.183952780463,64.914162085487,67.5444960337796
"marketable_yield_today480","531",37.3472233034715,55.2991974106275,60.7644709756358,65.3035460909138,67.9191548456669
"marketable_yield_today481","532",43.4005628609796,60.2270726177761,65.1434110413758,69.2783090078186,70.5507829890727
"marketable_yield_today482","533",45.9761961139822,62.0262058785952,66.8443282677143,69.7433141806536,71.0685429308625
"marketable_yield_today483","534",47.6831921169079,63.1010625039264,67.6402573112943,70.4108616636026,71.6780882209723
"marketable_yield_today484","535",49.6050089295554,64.6353000718465,68.3497823526486,70.6064307105037,71.4896222260045
"marketable_yield_today485","536",49.9955916120654,64.6373219271299,67.9650117986077,70.1894046856866,70.5378376596612
"marketable_yield_today486","537",52.2486376389043,65.8958940452098,69.5721520904279,71.4602401070786,71.9461197133344
"marketable_yield_today487","538",54.0119023036332,67.0767543350311,70.4223115510293,71.3834847833841,71.7808771677595
"marketable_yield_today488","539",54.1449174966945,67.3879826609473,70.9450712518837,72.3870031730232,72.928992081646
"marketable_yield_today489","54",58.3163477183037,69.5255127562975,72.2162371997768,71.898477677062,71.7970505050963
"marketable_yield_today490","540",52.8340168008122,65.3073601783233,68.8392282749289,70.2159954767981,70.7358848482675
"marketable_yield_today491","541",50.3345956431559,64.3138803386023,67.9006265906383,69.7636451019915,70.4569805027615
"marketable_yield_today492","542",31.134965511126,49.7285991290414,56.341943378981,62.2060007850578,64.9595002857934
"marketable_yield_today493","543",27.5864385404693,46.4935471486628,53.6978214242056,59.346051044637,62.6709241349876
"marketable_yield_today494","544",30.3690644505883,48.037822268793,54.5297057737128,60.5416363941851,64.0123780484882
"marketable_yield_today495","545",30.0944718523791,49.5302444891159,55.7864808450771,61.9048537900789,64.6755794638036
"marketable_yield_today496","546",33.4915195380158,51.7936871244996,58.1935617316285,63.5851414034689,66.0213265337064
"marketable_yield_today497","547",36.2841828975922,54.1332447951201,60.1694990262057,65.0705996871058,67.4509936873893
"marketable_yield_today498","548",40.2512569392944,56.7047230458549,61.985892126033,66.5253228168677,68.5552412879706
"marketable_yield_today499","549",41.6928433348318,58.0138432646888,63.4299967196311,67.2326073843677,68.7202195943471
"marketable_yield_today500","55",58.104426276885,69.139871006502,71.7118611912449,71.4887493583575,72.1382349422111
"marketable_yield_today501","550",41.4103431681006,58.2094705284753,63.3056964300076,67.3200226281013,69.0070593763642
"marketable_yield_today502","551",44.4651568822627,60.767941242261,65.3981933850878,68.9372323061616,70.0588002233699
"marketable_yield_today503","552",30.3387424251121,47.9342632390565,54.5085288439738,60.5925128768741,63.7569330458875
"marketable_yield_today504","553",31.0740874584775,48.5018248174595,54.96493442726,61.0633629146386,63.9379839747588
"marketable_yield_today505","554",31.0215050807404,50.2689336564008,56.4796165932286,61.9335548286433,64.4452566748404
"marketable_yield_today506","555",34.0879538814665,52.3500143722023,58.416015944219,63.59004727658,66.1606874606864
"marketable_yield_today507","556",38.9368085157926,55.0054341775369,60.736675734335,65.4735038632565,67.92548313859
"marketable_yield_today508","557",40.0336991272503,57.2310712084737,62.5965064505935,66.6243660282437,68.7010267230697
"marketable_yield_today509","558",37.8390108441718,55.4641551440925,60.710339027086,64.6363964738646,66.8553230336356
"marketable_yield_today510","559",33.6353431028004,51.2840733975114,57.3924287276808,62.7442893815402,65.0228463954106
"marketable_yield_today511","56",57.3078780117509,68.8445958364922,71.5950599044995,72.0461161049228,71.8503404386358
"marketable_yield_today512","560",32.4729188768077,51.4065130279918,57.2242747383194,62.5813957289854,64.7082182822866
"marketable_yield_today513","561",35.2961957404506,52.3420559157886,58.0704253452366,63.2840726364928,65.9969756191275
"marketable_yield_today514","562",37.7641883288522,54.4636286960976,60.119979447928,65.0329218275889,66.6912949536856
"marketable_yield_today515","563",39.8656109375754,55.9297571386075,61.4646722554218,65.5674738328743,67.2795124080284
"marketable_yield_today516","564",40.8751455871319,57.3531971360629,62.4064274704029,66.5664074959194,68.3341491619718
"marketable_yield_today517","57",58.7826922853238,69.0775612863152,71.8597810578034,71.8395384017241,72.2965494680072
"marketable_yield_today518","58",57.0363512915544,68.3629836102487,70.9995460371499,71.3127084767759,71.7253315358355
"marketable_yield_today519","59",56.0791179942439,67.8463286600357,71.0824235948464,71.3647028217848,71.4239713436941
"marketable_yield_today520","6",58.9352009302981,69.2426273184314,71.7870772814182,71.8743924211086,72.091613045789
"marketable_yield_today521","60",55.0843960668595,67.5216464519024,70.738794810566,71.26369335235,72.0232108396774
"marketable_yield_today522","61",54.9036254420019,67.0260644842641,70.4947519223174,71.6459939098971,71.8367155600347
"marketable_yield_today523","62",54.0006902605211,66.9187882913361,70.6793702980476,71.9531476469409,72.2400873930095
"marketable_yield_today524","63",53.8782353692146,66.6487929578894,70.4156094153383,71.3878675090033,71.3662055800896
"marketable_yield_today525","64",53.779363067172,65.8211455680792,69.2347129207506,70.7179303713558,71.1492518269429
"marketable_yield_today526","65",55.3534893887612,68.0874536802599,71.6662307820949,72.8907741310874,72.5772643929704
"marketable_yield_today527","66",55.8575132739683,67.5164102402529,70.8622758758938,72.1221734667366,72.8548628756302
"marketable_yield_today528","67",54.3989543206731,66.4219606299457,69.4187278151002,70.564587033497,71.0844508681114
"marketable_yield_today529","68",55.5022768990219,67.3265127234834,70.2920391195843,71.8206918057922,72.3292239216085
"marketable_yield_today530","69",55.2901821928255,66.7858842052507,69.9352723316063,70.9305781208296,71.5205050671672
"marketable_yield_today531","7",59.2592243569803,69.7457090477874,72.0842649023394,72.6216272992693,72.4668794992946
"marketable_yield_today532","70",54.4150380137588,66.2024033905973,69.609783371457,70.8108401677643,71.4329793960846
"marketable_yield_today533","71",52.7542876438895,65.4232805542688,68.7214351203364,70.3145784270007,70.6606763615168
"marketable_yield_today534","72",58.6450741294336,71.1209564998197,73.812668538908,74.2291626320791,74.0566738556973
"marketable_yield_today535","73",59.1608845758235,70.7398989331513,73.2708119095791,73.4952303951797,73.3312791816396
"marketable_yield_today536","74",59.380081481487,70.6770770686216,73.143453804183,73.3041064739226,73.3740204380548
"marketable_yield_today537","75",58.3775460218109,70.1015885355676,73.1978472305666,73.7083254287204,73.4412618194667
"marketable_yield_today538","76",58.2197913970715,70.4565317190534,73.6311179952343,73.8217166033869,73.7636645832282
"marketable_yield_today539","77",57.9596279602583,69.8642604299737,72.8392974870657,73.3127752890994,73.4150553052635
"marketable_yield_today540","78",57.9545649010228,69.8311747802009,72.5831880953557,73.332231346245,72.957064340649
"marketable_yield_today541","79",56.163540946559,68.696226386339,71.7180662948596,72.62215186078,72.6928873752538
"marketable_yield_today542","8",58.7693279404096,69.425935384716,72.3655955651365,72.7311069778555,72.5984602020547
"marketable_yield_today543","80",58.0337628714408,69.2719267798929,72.1186200855578,72.4302566040864,72.1650665305515
"marketable_yield_today544","81",59.3802404825478,70.0744270819596,72.655930973474,72.6574700068264,72.4946987353247
"marketable_yield_today545","82",60.2260718912464,70.0338638816893,72.702953567268,72.543368067229,72.9005165965439
"marketable_yield_today546","83",60.045787742918,69.4336039478384,71.2982377725417,71.6666039211951,71.5776238496445
"marketable_yield_today547","84",58.6244023399611,69.6978313396673,72.4367004724,72.425004204744,72.1907615832163
"marketable_yield_today548","85",58.4426343004836,68.8766249883384,71.6483929007076,71.9302555788546,72.2536880301973
"marketable_yield_today549","86",57.4397762896585,68.8761418133221,71.7582312697683,72.745895658645,72.9850225050374
"marketable_yield_today550","87",56.8623744183608,68.6557350856753,71.8392971968373,72.8301403989532,73.0369651016852
"marketable_yield_today551","88",56.3830601120291,67.7136438644149,71.06435133559,71.8533414811437,72.1726545365389
"marketable_yield_today552","89",54.6504783464845,66.7300669125786,70.1214521890219,70.8219664827938,71.5826806711438
"marketable_yield_today553","9",59.4934032016733,69.2876130843596,71.7536316969399,71.5696266182035,71.6668870269178
"marketable_yield_today554","90",54.5001851937778,67.3664009484354,70.9306619025233,72.4733549483856,72.8334857316376
"marketable_yield_today555","91",54.8906165703643,67.2474028752116,70.6166528263787,71.8639596543503,72.2239068916552
"marketable_yield_today556","92",55.0833310431635,66.7742552631768,70.4905742819991,71.5178647770459,72.1659522336482
"marketable_yield_today557","93",54.9980250336155,67.496636641823,70.9748703015085,72.1453110997489,72.6210260088742
"marketable_yield_today558","94",54.0535207901052,64.7025714562422,69.3545169769645,66.9118037495684,67.6135385506904
"marketable_yield_today559","95",53.4918397121375,65.4790687370169,69.234762659201,70.837384475113,71.5786782703889
"marketable_yield_today560","96",54.4576079205942,66.2970121442536,70.1941966126555,71.7981578148043,72.2787500720421
"marketable_yield_today561","97",51.9282972556736,65.0993045807211,68.1214570028213,70.1926254411804,70.5332991771875
"marketable_yield_today562","98",52.6127053749523,64.6914608245669,68.2562879676773,69.6217663773664,70.550536029556
"marketable_yield_today563","99",60.1093124375033,71.1984367068215,73.6950712618485,73.1948979358972,73.2972984082115
