"","id","ssp1","ssp2","ssp3","ssp5"
"marketable_yield_ssp1","1",8.87697152846271,11.8967883504248,12.416479614743,12.3897461960131
"marketable_yield_ssp11","10",10.6615625055671,12.8580975104855,13.3941762523607,13.3324810039559
"marketable_yield_ssp12","100",11.1008366478419,13.1699792125021,13.507847501407,13.5164572322827
"marketable_yield_ssp13","101",10.4193815845062,12.5938966104476,12.7592033342338,12.5436354670184
"marketable_yield_ssp14","102",10.1698855881645,12.5858801568299,12.5698784717111,12.3892321019185
"marketable_yield_ssp15","103",11.6425031304052,14.0791408975612,14.5534024400655,14.2455276654782
"marketable_yield_ssp16","104",12.0870712417957,15.2309850036288,15.7411205726004,15.847740786614
"marketable_yield_ssp17","105",11.963679461001,15.0598942618557,15.497102376497,15.774497352837
"marketable_yield_ssp18","106",11.9264415402417,14.4964219373788,14.8848271223001,14.967156512586
"marketable_yield_ssp19","107",11.1598902723885,14.1457171605967,14.3611336895963,14.6397131654818
"marketable_yield_ssp110","108",10.8801386784307,13.7502783834757,13.9301409383993,13.4473779768081
"marketable_yield_ssp111","109",9.55757021435449,11.3795625203232,11.0441504872324,10.645459991471
"marketable_yield_ssp112","11",10.6140579671294,13.375062232223,13.7277540549635,14.0016508241656
"marketable_yield_ssp113","110",8.7774435549942,10.2404744762144,10.646658391283,10.4417501093558
"marketable_yield_ssp114","111",9.1311367265751,11.7144601628517,11.5449474782151,11.3794040843465
"marketable_yield_ssp115","112",9.29354829339239,11.1028753524969,11.0163817752061,10.7342364067865
"marketable_yield_ssp116","113",9.86097286882543,12.7292942945576,12.7065281820799,12.8065522591096
"marketable_yield_ssp117","114",11.4371051340925,14.1759669280571,14.6257234807061,14.6029308628233
"marketable_yield_ssp118","115",11.9199814894349,14.6063769409347,15.4744585870956,15.5845206747833
"marketable_yield_ssp119","116",11.5893022931739,14.6515293263916,15.4031497478106,15.4481987270063
"marketable_yield_ssp120","117",12.1129611899111,15.5915269588453,16.4238567026251,16.7804340005536
"marketable_yield_ssp121","118",11.8289413109592,14.9008570317431,16.2247590742865,16.6861858933305
"marketable_yield_ssp122","119",12.807367317542,15.7565091055936,17.078140954683,17.2457289460537
"marketable_yield_ssp123","12",9.89740407114887,12.4172676981499,12.5827234683729,12.7491361708152
"marketable_yield_ssp124","120",12.4175004348573,15.4219037783435,16.7949019765448,17.5711251375979
"marketable_yield_ssp125","121",13.7903323921176,17.4634176203412,19.4844191904462,19.8323200013779
"marketable_yield_ssp126","122",13.798177108465,18.0383943317554,20.1016168418786,20.7782015592698
"marketable_yield_ssp127","123",13.0566144145112,16.9667571955195,19.3408823159579,19.9954535791395
"marketable_yield_ssp128","124",12.5757833991908,16.1892088177337,17.9517604610768,18.8132237202616
"marketable_yield_ssp129","125",12.1904778517293,14.9984488079229,16.8816955021693,16.9778915246327
"marketable_yield_ssp130","126",10.134671465774,12.352268251298,11.5971422703934,11.2989986545682
"marketable_yield_ssp131","127",10.6660906077833,13.207811152949,12.989000745976,12.7478082508589
"marketable_yield_ssp132","128",9.72867409253647,12.0199940425564,11.519068451268,10.8822787055912
"marketable_yield_ssp133","129",10.6293994562832,12.7195095474471,12.5469169580836,12.1448378050944
"marketable_yield_ssp134","13",9.41218635676792,12.1606866326418,12.3397339832223,12.3744896268394
"marketable_yield_ssp135","130",10.2628314969235,12.4693341011293,12.070578077382,12.084744183946
"marketable_yield_ssp136","131",9.31144599170638,11.3927572035409,11.1125682809042,10.7609086833997
"marketable_yield_ssp137","132",9.98550156176447,12.1541546112962,12.070639495852,11.2069843633786
"marketable_yield_ssp138","133",10.4690446113971,13.1590475207024,12.742523749434,12.6260912225609
"marketable_yield_ssp139","134",10.2689657019402,12.6695424870603,12.5544954276055,12.3686807824333
"marketable_yield_ssp140","135",10.2804677484857,12.1535016339052,12.1360655670497,11.8058399643974
"marketable_yield_ssp141","136",10.3695075829079,12.1128211631872,12.1830978031363,12.043677093122
"marketable_yield_ssp142","137",10.5369387528083,12.8159575131026,12.9457311089936,12.5547828533744
"marketable_yield_ssp143","138",12.0986157958061,14.875842699396,15.2047042152234,14.7900488156302
"marketable_yield_ssp144","139",11.3969830580996,14.1713626095619,14.4842090271455,14.4808616534898
"marketable_yield_ssp145","14",11.9593417728903,14.8021147766695,15.5341508900588,15.6401730149157
"marketable_yield_ssp146","140",11.5224448600414,13.7962828461269,14.299742604865,14.5210884695226
"marketable_yield_ssp147","141",10.3639295567761,12.9949033593566,12.628749306174,13.0281438462575
"marketable_yield_ssp148","142",10.805862024193,13.2142832144888,13.2698539539348,13.4438208295382
"marketable_yield_ssp149","143",10.0509484636426,12.0628299939027,11.940992446907,11.77745259238
"marketable_yield_ssp150","144",10.1765929679724,12.7803867351158,12.9026912865964,12.9824848779893
"marketable_yield_ssp151","145",10.0443476132855,12.2529513609235,12.355047954583,12.0637991142556
"marketable_yield_ssp152","146",10.9761817547163,13.640425171205,13.9121372498741,13.6704729451794
"marketable_yield_ssp153","147",10.471692929505,13.1393647616698,13.2841457475767,13.1406425308599
"marketable_yield_ssp154","148",11.2228825564887,13.2988403630414,14.0011643716404,14.1065694905919
"marketable_yield_ssp155","149",11.2358261054284,13.8429629733003,14.2973458023394,14.2513951084187
"marketable_yield_ssp156","15",12.525862735234,15.8471630768669,16.2714526482862,16.6572295663486
"marketable_yield_ssp157","150",11.7906246229705,14.604264443238,15.4495644755788,15.1846317852889
"marketable_yield_ssp158","151",11.9378569053581,14.7322581573446,15.1991041434357,15.3215817160443
"marketable_yield_ssp159","152",11.0009580899688,14.4103267424093,15.5946867911804,15.4331787800953
"marketable_yield_ssp160","153",12.6427850366067,16.3065115126311,17.1986881151002,18.3876314302777
"marketable_yield_ssp161","154",12.5395940391815,16.3084615097797,18.0174742916443,18.9043346379901
"marketable_yield_ssp162","155",12.3116569875739,16.4257544396343,18.1520717911782,19.5883173878728
"marketable_yield_ssp163","156",13.7286813970153,17.8239162058055,20.0361738224931,21.3095393264773
"marketable_yield_ssp164","157",13.359500996796,17.1139948465007,19.4220003912926,20.0789915717743
"marketable_yield_ssp165","158",12.8840389318667,16.5899985206927,18.5664552070776,19.0704535839441
"marketable_yield_ssp166","159",12.0402100400545,16.0817575053198,17.8278297541748,18.7325034976747
"marketable_yield_ssp167","16",11.7140640648609,14.1385198685467,15.1837443823544,15.0553642140254
"marketable_yield_ssp168","160",12.5683592991589,16.4101897988943,18.7178838365707,19.7670331969389
"marketable_yield_ssp169","161",14.2444404532473,18.300356377794,21.0769735359527,21.7867360638677
"marketable_yield_ssp170","162",9.18609360517819,11.0822236575186,10.1152809631284,9.91424285548123
"marketable_yield_ssp171","163",9.53436089251502,11.4737449774393,10.9119491051767,10.4167430332024
"marketable_yield_ssp172","164",9.97117352322763,11.8107874440836,11.5168401354131,10.9779270113321
"marketable_yield_ssp173","165",9.82498698588501,11.6603081263473,10.9422411195641,10.7400994684896
"marketable_yield_ssp174","166",10.1804900762925,12.2760627955881,11.6550221930524,11.755521036485
"marketable_yield_ssp175","167",10.3645831738635,12.8169996957152,12.2153657980584,11.8706923330833
"marketable_yield_ssp176","168",10.9162012949056,13.0215323732025,12.9305096400521,12.4183632451844
"marketable_yield_ssp177","169",9.7871648570466,11.5936667883452,11.1694084112623,10.9269766254346
"marketable_yield_ssp178","17",11.9369439556898,14.8268724108407,16.0273851962047,16.2190744052313
"marketable_yield_ssp179","170",10.3126434642295,12.6627013810541,12.324430451757,11.950947171218
"marketable_yield_ssp180","171",9.97761847242044,11.7861687711347,11.9494873138654,11.0299448710421
"marketable_yield_ssp181","172",10.4120034127951,12.3577707757605,12.7332691703834,12.3066030913166
"marketable_yield_ssp182","173",10.3135861077572,12.5992596128466,12.3290122481261,12.3169944429964
"marketable_yield_ssp183","174",10.1350618807108,12.1665834572951,12.3001766144182,11.527701105355
"marketable_yield_ssp184","175",11.0194614535542,13.1160549270285,13.3812599314858,13.1595581064189
"marketable_yield_ssp185","176",10.6859735852631,13.3099629642453,13.8632956249941,13.5377761930326
"marketable_yield_ssp186","177",10.1832097046358,12.3200846556462,12.3028660917484,12.1934948600956
"marketable_yield_ssp187","178",10.4975953577033,12.4952907816521,12.7366125000382,12.6496504411211
"marketable_yield_ssp188","179",10.6907259413447,13.3755747968349,13.2538251756401,13.5323326255605
"marketable_yield_ssp189","18",11.3482694957295,14.1275605243337,14.858208490047,14.7277357719255
"marketable_yield_ssp190","180",10.8378186914028,13.0162537690939,13.3726179709135,13.2333478826898
"marketable_yield_ssp191","181",11.5228135911137,13.7156919928494,14.5236425002814,13.9282022947724
"marketable_yield_ssp192","182",12.2276765154708,15.3044879597803,15.7239870948003,15.6590375494451
"marketable_yield_ssp193","183",11.7387739561407,14.9687243097435,15.58790189481,16.0979499129904
"marketable_yield_ssp194","184",12.2490408178355,15.5180511769566,15.8989679614426,16.1984796168507
"marketable_yield_ssp195","185",11.8951221944578,14.5574998121002,15.5972821269024,15.322175491223
"marketable_yield_ssp196","186",11.6085379495717,14.480724060885,14.9002453553117,15.1440435169024
"marketable_yield_ssp197","187",11.2168139961843,14.2363198897288,14.6177434865696,15.0279935707348
"marketable_yield_ssp198","188",10.3928930438334,13.3066754957788,14.3179502711331,14.1370579627645
"marketable_yield_ssp199","189",11.9208916829185,15.1064293353988,16.1096623733614,16.4291980948488
"marketable_yield_ssp1100","19",11.4493705938434,14.1761480191694,14.899485245837,14.900577013209
"marketable_yield_ssp1101","190",13.2071887988559,16.5334292773142,18.0579306883243,18.6059006598608
"marketable_yield_ssp1102","191",13.4786080940461,17.8069433065043,20.1703700599833,20.8932817533325
"marketable_yield_ssp1103","192",14.7042182671638,18.5231092034363,21.7055494840019,22.6402406263963
"marketable_yield_ssp1104","193",14.5953636226222,18.6356634222187,21.4929169002806,21.9939167153487
"marketable_yield_ssp1105","194",13.8093378778594,18.0985728850055,20.5561023824656,20.9238725163209
"marketable_yield_ssp1106","195",13.2867712555081,17.4412162652915,19.5905565983025,20.6841025611414
"marketable_yield_ssp1107","196",13.294121317604,17.5210681477722,19.6258675058876,20.6601247599593
"marketable_yield_ssp1108","197",14.5465228333486,18.7746234721952,21.4458477204676,22.1823345674973
"marketable_yield_ssp1109","198",14.5652721875909,18.7305070807872,21.654621243038,23.0257572840921
"marketable_yield_ssp1110","199",10.663548676659,12.8626258331819,11.5114953918499,11.7745392563961
"marketable_yield_ssp1111","2",10.3925426995971,12.9231118822015,13.5290657402239,13.4148513498999
"marketable_yield_ssp1112","20",11.6631724636885,15.0215749763775,15.391160376922,15.5555424810902
"marketable_yield_ssp1113","200",10.7416257049181,12.7802898083257,12.4070718116591,11.9551195656663
"marketable_yield_ssp1114","201",10.5101456940735,12.4864731084824,11.8874061285833,11.0684744498332
"marketable_yield_ssp1115","202",10.9461749861337,12.988962975025,12.8042281958935,12.0761240129306
"marketable_yield_ssp1116","203",10.5535349626928,13.028308355551,12.3220754057495,12.3224770310405
"marketable_yield_ssp1117","204",9.15829270598246,11.4071631194297,10.8417515139207,10.4481429655969
"marketable_yield_ssp1118","205",9.46563129255291,11.15816254539,10.7054325203764,10.4530546081331
"marketable_yield_ssp1119","206",9.50662167179321,11.4640383830066,11.1334790748052,10.6351985391324
"marketable_yield_ssp1120","207",8.75744281996868,11.0676906155582,10.7503220559644,10.4106528431137
"marketable_yield_ssp1121","208",7.80507740246234,8.92108341123003,5.92244559699353,5.72863526098726
"marketable_yield_ssp1122","209",11.045871652041,14.0760816864609,14.2989473264339,13.9899125486005
"marketable_yield_ssp1123","21",10.6516613417546,12.9202889338291,13.0252916674958,13.3622629174851
"marketable_yield_ssp1124","210",10.2219846906055,12.5521050031971,12.2179311742432,12.2666065685038
"marketable_yield_ssp1125","211",10.6356101243964,13.2483078279315,13.2012235663605,13.1556808655426
"marketable_yield_ssp1126","212",10.2263642239146,12.5569711798318,12.3401617727675,12.0980506124269
"marketable_yield_ssp1127","213",10.7024538279313,13.1878153968425,13.3163742822785,13.1815484762558
"marketable_yield_ssp1128","214",10.265202150421,12.6058511478095,12.624095527084,12.0825027183886
"marketable_yield_ssp1129","215",11.2025256660837,14.3535894801081,14.494886499569,14.4612674582403
"marketable_yield_ssp1130","216",10.4395292510494,13.5016381802287,13.6344929697385,13.3565911768155
"marketable_yield_ssp1131","217",11.704516331975,14.4034378271218,14.6816051116245,15.0232543521056
"marketable_yield_ssp1132","218",11.5440419281029,14.5986602779938,14.7564735672109,15.1877923485974
"marketable_yield_ssp1133","219",12.3229785990005,14.9373960476726,15.825632950947,15.6112168024549
"marketable_yield_ssp1134","22",10.1043570881837,12.2732464787453,12.982810025261,12.4830354483577
"marketable_yield_ssp1135","220",12.0520489485794,15.2782305830912,15.3013546695457,15.736919281294
"marketable_yield_ssp1136","221",11.3923462852082,14.2495126152117,15.4773622166814,15.6002210525295
"marketable_yield_ssp1137","222",12.2021812183095,15.1527165471878,16.210380757822,16.3690713354968
"marketable_yield_ssp1138","223",11.8088472501433,14.8656051694781,15.9786120945645,15.696071615279
"marketable_yield_ssp1139","224",10.9234762191411,14.1131530516976,15.2445978644642,15.2576825811637
"marketable_yield_ssp1140","225",12.075681311245,15.0039812360838,16.4134057106163,16.7391805874809
"marketable_yield_ssp1141","226",11.9671729943022,15.9197221838051,16.7302473873627,16.9313159217982
"marketable_yield_ssp1142","227",13.251108270199,17.3544626860535,19.428659044757,19.9695998394716
"marketable_yield_ssp1143","228",15.3704396082058,19.738214694839,22.423473144609,23.6458360450575
"marketable_yield_ssp1144","229",15.4744037088867,20.2562553247702,23.7747619025621,24.7811454076654
"marketable_yield_ssp1145","23",11.1570996301384,13.5191210133241,13.7484778637338,14.0127478051187
"marketable_yield_ssp1146","230",15.3817330990497,20.0774362099829,23.1964947351796,24.3198617669995
"marketable_yield_ssp1147","231",14.2318607490577,18.5913496713339,21.5315982972998,23.1934162919202
"marketable_yield_ssp1148","232",13.4476582109992,18.0088269676022,20.0917409948837,21.1367436509775
"marketable_yield_ssp1149","233",13.3747857381822,17.1679148708778,19.67174398574,20.4579118535224
"marketable_yield_ssp1150","234",12.9968313644737,17.2826885617959,19.6935927824584,20.517471065846
"marketable_yield_ssp1151","235",15.22905281908,19.5732540774198,22.3557782108669,23.8499204115029
"marketable_yield_ssp1152","236",9.99424194633662,11.9135888961124,11.3386304502536,11.485722359744
"marketable_yield_ssp1153","237",9.29101837150306,11.5162183107774,10.9553969674102,10.3377240247611
"marketable_yield_ssp1154","238",9.15637063676187,11.0902573428105,10.374008633799,10.3902932027386
"marketable_yield_ssp1155","239",10.4833645658565,12.4630145287529,12.2048622536039,11.8781725348615
"marketable_yield_ssp1156","24",9.34860204177264,11.7934417042061,12.0489327348922,11.8742573783114
"marketable_yield_ssp1157","240",8.98753882440515,10.912020727878,10.6275103836099,10.290974216723
"marketable_yield_ssp1158","241",9.31901789085214,11.1394458117912,11.0121796781779,10.8068657700074
"marketable_yield_ssp1159","242",9.13529316901405,11.1423837285929,10.8174356836294,10.5306828296087
"marketable_yield_ssp1160","243",9.88532138338791,12.0631273426326,11.7112305527654,10.8592370204342
"marketable_yield_ssp1161","244",10.0361831775368,12.0091628343592,12.1333525378703,11.7723909333629
"marketable_yield_ssp1162","245",10.1613836569503,12.2120068624992,12.1274773735421,11.9668335593357
"marketable_yield_ssp1163","246",10.9727952621142,13.2741579088126,13.1244950192078,12.8542413477081
"marketable_yield_ssp1164","247",9.99060316237651,12.1888444974384,12.8538310317327,12.7327933771095
"marketable_yield_ssp1165","248",11.0920611694558,13.4144604889775,13.5678026061506,12.9000070803901
"marketable_yield_ssp1166","249",11.0003020562752,13.587901175034,13.4368953947936,13.5203247517511
"marketable_yield_ssp1167","25",9.08384193242743,11.6156596664773,11.5381802595629,11.1239555890988
"marketable_yield_ssp1168","250",10.7886264627593,13.2920769218884,13.6171693073721,13.6836631701228
"marketable_yield_ssp1169","251",11.3846388708401,13.8327567080698,14.232891018727,13.8204028485061
"marketable_yield_ssp1170","252",11.7072123976172,14.6919183993203,14.9662226704079,14.6322770135747
"marketable_yield_ssp1171","253",12.1541794561011,15.1124128510285,15.5397812286653,15.5829136548162
"marketable_yield_ssp1172","254",11.1178826807768,14.0840097208511,14.5907309778493,14.2130456498508
"marketable_yield_ssp1173","255",11.2037275814013,13.9542927476032,14.433200117697,14.5576901611662
"marketable_yield_ssp1174","256",11.3239863587046,14.2772663300679,15.1158771488769,15.0312613073301
"marketable_yield_ssp1175","257",12.2414539328059,15.2481323473136,16.8109961484671,16.5662888975086
"marketable_yield_ssp1176","258",13.3360778282246,17.1125628479319,18.6325901051926,18.8329787784832
"marketable_yield_ssp1177","259",13.7802965043544,17.252980510032,19.2310311931139,19.5832373383169
"marketable_yield_ssp1178","26",10.7450871163718,13.2355038689203,13.6572652538974,13.3078259867551
"marketable_yield_ssp1179","260",13.9278958734145,17.7557128197692,19.6425473327989,20.7583330836827
"marketable_yield_ssp1180","261",14.2851549103628,18.2338537581197,20.4196027087468,21.3544689306078
"marketable_yield_ssp1181","262",14.3742538899371,18.9406692890807,21.494719736779,22.6022108838377
"marketable_yield_ssp1182","263",15.7373705947435,20.5477128285028,23.507450464469,24.7119183508034
"marketable_yield_ssp1183","264",16.5962956501469,21.2499409287788,25.2066908626519,26.5260756842685
"marketable_yield_ssp1184","265",15.4812933209924,20.166245628398,23.8892548279335,25.1978016098626
"marketable_yield_ssp1185","266",14.7330157607978,19.4676581934303,22.4044897561009,23.7635182175916
"marketable_yield_ssp1186","267",14.3690808349429,18.8503842150531,21.7953442325076,23.1149683797615
"marketable_yield_ssp1187","268",13.5222108497275,17.6120617623429,20.1886460869079,21.0801365177907
"marketable_yield_ssp1188","269",13.7170988623431,17.8072569222878,19.9476923274072,20.85280982201
"marketable_yield_ssp1189","27",10.1983717574666,12.5319145525931,12.5770504512841,13.3266091585464
"marketable_yield_ssp1190","270",14.1704218586777,18.0828582119006,20.7488684173923,21.788739770388
"marketable_yield_ssp1191","271",13.8488314858721,18.0382363341172,20.9975234266664,22.0337514951755
"marketable_yield_ssp1192","272",9.37874985797724,11.5626926533481,10.2234093639776,10.2979164048241
"marketable_yield_ssp1193","273",10.2909648935264,12.3833575807281,11.5083964515877,11.3929061267386
"marketable_yield_ssp1194","274",9.43621785925842,11.4954736793982,11.0811249080189,10.9159084248164
"marketable_yield_ssp1195","275",10.4596392642645,12.9534476218507,12.368196251517,12.3221790323501
"marketable_yield_ssp1196","276",11.0617207114663,13.1674437399663,12.7764940349679,12.3524573884983
"marketable_yield_ssp1197","277",10.1935423962017,12.2986053710095,12.5498209325683,12.4129356809254
"marketable_yield_ssp1198","278",9.2180362030033,11.0481182699473,10.4135167585228,10.4363551348579
"marketable_yield_ssp1199","279",9.82159214733437,11.835054299072,11.4121671021259,11.1745611208732
"marketable_yield_ssp1200","28",10.4453707605851,13.6644154662121,13.9425179576341,13.9953420932417
"marketable_yield_ssp1201","280",10.1790419874268,12.5402936524562,12.3432588737994,12.3727696267324
"marketable_yield_ssp1202","281",9.98312408174072,12.1970531370887,12.1128836930459,11.7037461608768
"marketable_yield_ssp1203","282",10.5046650752024,12.6563983942443,12.7365044626859,12.9758074224282
"marketable_yield_ssp1204","283",10.450640604892,13.1455677486862,13.465106692697,13.0026495835184
"marketable_yield_ssp1205","284",11.2371756858115,13.9271363901043,14.345902072391,14.5754978921748
"marketable_yield_ssp1206","285",11.1356641847661,13.9625589649925,14.3543098464969,14.4242340578715
"marketable_yield_ssp1207","286",11.7499598597856,14.9650251716592,15.8188889194814,16.2128964554983
"marketable_yield_ssp1208","287",11.7861321495758,15.064498811215,15.8784059429127,15.6815678200679
"marketable_yield_ssp1209","288",12.3897780259271,15.6032952033149,16.8903336104112,16.9943841547175
"marketable_yield_ssp1210","289",13.0195832999742,16.403436729662,17.5076848015673,18.2480812389208
"marketable_yield_ssp1211","29",10.3893968383528,13.1786717751495,13.4960515480699,13.4725661663745
"marketable_yield_ssp1212","290",13.7960590926842,17.6616344350819,19.5594325692536,19.947521531349
"marketable_yield_ssp1213","291",13.9914607405538,18.2765630616836,20.2385921419151,20.6979862920519
"marketable_yield_ssp1214","292",16.0554044225515,20.0694222934305,22.5587512326345,23.2311870561118
"marketable_yield_ssp1215","293",15.5088297209158,19.8467279396954,22.5800548143244,23.6208046392555
"marketable_yield_ssp1216","294",15.6555621544867,20.0156986397902,23.0928922562786,24.3480005860096
"marketable_yield_ssp1217","295",15.8717420638286,21.1990771668593,24.6664376871488,26.0414143521393
"marketable_yield_ssp1218","296",16.1538081948054,21.2860214300082,25.3550113012397,26.8000394630133
"marketable_yield_ssp1219","297",16.3422135279419,21.7477401012823,26.2656688498585,28.0815846588483
"marketable_yield_ssp1220","298",16.2981185698249,21.7281288987803,26.4633970144937,28.3524856419046
"marketable_yield_ssp1221","299",16.1980320508037,21.308203519885,25.6965783351195,27.3128308007704
"marketable_yield_ssp1222","3",9.8775922236554,12.1919117493146,12.698154174695,13.1575386714781
"marketable_yield_ssp1223","30",9.52980930387513,12.4091312615623,12.2308710463782,12.3666203076681
"marketable_yield_ssp1224","300",15.357309654511,20.21375431755,24.2261634061294,25.774693668628
"marketable_yield_ssp1225","301",14.2554266639342,19.0373614590916,22.1461119011485,23.4262521094298
"marketable_yield_ssp1226","302",14.6802144431754,18.6308154380054,21.3906529702464,22.682934319658
"marketable_yield_ssp1227","303",14.2809145515841,18.5046112820203,21.1046184708966,21.9754388483738
"marketable_yield_ssp1228","304",13.3930540101287,17.7661613841489,20.5683591647131,21.300503211222
"marketable_yield_ssp1229","305",14.0694391680048,18.0556598268644,20.9445266570432,22.090121992507
"marketable_yield_ssp1230","306",9.53825302418415,11.7291405586339,11.1848155635745,10.6433663474508
"marketable_yield_ssp1231","307",10.0184433466626,12.2215206249681,11.7708760251508,11.1267796572435
"marketable_yield_ssp1232","308",9.66206898520049,12.0844465775348,11.7547927330298,11.3927700265685
"marketable_yield_ssp1233","309",9.0012010081937,10.5988477472802,10.54242995675,9.91982185659563
"marketable_yield_ssp1234","31",12.1374078520812,15.0856514686369,15.427669539114,14.9860245848437
"marketable_yield_ssp1235","310",8.01426810043974,10.0988174255859,9.72385066952298,9.60584279038624
"marketable_yield_ssp1236","311",8.41561773889909,9.84963671771329,9.71492028604319,9.54758610770625
"marketable_yield_ssp1237","312",9.54761870535895,11.3576326978292,11.0414068493351,10.6735581201806
"marketable_yield_ssp1238","313",11.5100347000023,14.1441782296103,14.5840667653254,14.0629829195794
"marketable_yield_ssp1239","314",11.8026693474525,14.733488828512,14.8490906575915,14.7589232455618
"marketable_yield_ssp1240","315",13.0311402286285,15.7942394122402,16.9761858106907,17.1356736239645
"marketable_yield_ssp1241","316",12.4556546911248,15.7641725237176,16.9442912217491,17.3365964855204
"marketable_yield_ssp1242","317",11.8275626937495,15.3620277653818,16.8886076758445,16.7582199171228
"marketable_yield_ssp1243","318",12.9298921431939,16.408293524765,17.9415983205719,18.6574509805137
"marketable_yield_ssp1244","319",13.2640637493799,16.9888942819073,18.7660911549975,19.0142285232841
"marketable_yield_ssp1245","32",12.1172090589416,14.6517855461451,14.9942878910902,14.8345123017264
"marketable_yield_ssp1246","320",14.1587239918764,18.4610642767585,20.4597894205351,21.4273189481153
"marketable_yield_ssp1247","321",15.2552805003821,19.5412171807209,22.150435272101,22.9358579967714
"marketable_yield_ssp1248","322",15.9124019641599,20.246073119185,22.7828767018766,24.1434828566751
"marketable_yield_ssp1249","323",15.9893879511644,20.9456768547092,24.2724032517365,25.5491231046028
"marketable_yield_ssp1250","324",15.9583771983566,20.5952188812365,24.3061800389381,26.0318725210105
"marketable_yield_ssp1251","325",16.7021368405558,21.970282649398,25.77171820052,27.3746345486347
"marketable_yield_ssp1252","326",17.6190585611412,23.2205763923106,27.2625946534409,28.9740622879189
"marketable_yield_ssp1253","327",16.3715840343517,22.2076511885351,26.6601492348175,28.640506781679
"marketable_yield_ssp1254","328",18.1547180619711,24.4349253294937,28.9490377183579,30.9247173904992
"marketable_yield_ssp1255","329",17.3448704567556,23.3316911865092,28.8767728951263,31.2540007890645
"marketable_yield_ssp1256","33",12.2376012134454,15.1082933939946,14.8890879706538,15.1155496822045
"marketable_yield_ssp1257","330",17.2684428827861,23.9000947508594,29.5147621932877,32.1485160806517
"marketable_yield_ssp1258","331",17.0078451849156,23.0331449001511,28.3150191062436,30.7602598785958
"marketable_yield_ssp1259","332",17.6914747124725,23.5722252458682,28.3493718299073,30.0091451719402
"marketable_yield_ssp1260","333",16.0634530661352,21.3253232292858,25.4825258688548,27.3714448153628
"marketable_yield_ssp1261","334",15.2387942969259,19.7025461104051,23.5060319013598,24.8170751162416
"marketable_yield_ssp1262","335",14.7102739717061,19.4852458055852,22.4137876280612,23.9855376852209
"marketable_yield_ssp1263","336",14.7364435347086,19.1676622594611,22.3758385180707,23.6824719002649
"marketable_yield_ssp1264","337",10.1401027926907,12.1329162517705,11.873039454844,10.8255156379404
"marketable_yield_ssp1265","338",10.4514894322869,12.3567694561102,11.6529029912858,11.3005427167242
"marketable_yield_ssp1266","339",9.58349329040773,11.7726514843879,11.4616932275448,10.6648805185695
"marketable_yield_ssp1267","34",12.125750074909,15.1797837497712,15.8929643406561,15.6577035353191
"marketable_yield_ssp1268","340",9.34777213755694,11.4834040515034,10.8545427713172,10.8249785256542
"marketable_yield_ssp1269","341",9.53966041270403,11.2411252458176,10.9976871965682,10.8346945483877
"marketable_yield_ssp1270","342",9.21053808154954,10.8749793526965,10.3764491680751,10.2296566838763
"marketable_yield_ssp1271","343",10.1083459557776,11.6738311188229,11.3426646390988,11.0851792738141
"marketable_yield_ssp1272","344",10.2872613262987,12.3072631401709,12.4095080448834,12.5699863382337
"marketable_yield_ssp1273","345",11.1428312924648,13.4479229137041,14.2004153124688,14.6227709549064
"marketable_yield_ssp1274","346",12.7321909017295,16.3580615360826,17.8919540094993,17.7172744040937
"marketable_yield_ssp1275","347",13.6281937550113,17.7494779667646,20.0397982777333,20.7351144450983
"marketable_yield_ssp1276","348",13.6274603986664,18.191230292209,20.3183809426199,21.1820436830037
"marketable_yield_ssp1277","349",14.6651419221748,18.7436218593017,21.007205491643,22.0388091995711
"marketable_yield_ssp1278","35",11.3771082392266,14.3753078177458,14.1995472749845,14.4542548102375
"marketable_yield_ssp1279","350",15.1122534534052,19.4108818090468,22.4720330939714,23.6133151978333
"marketable_yield_ssp1280","351",15.3001410261713,20.5301155786906,23.7232545387492,25.1634508721584
"marketable_yield_ssp1281","352",15.9457398935266,21.3003816504274,25.6035461204387,26.7625422801249
"marketable_yield_ssp1282","353",17.1994245922003,22.6948143871457,26.1348609456246,27.9196809860977
"marketable_yield_ssp1283","354",15.8854592506277,21.4271854686281,26.1155425954859,27.9040393150381
"marketable_yield_ssp1284","355",16.722175383912,22.0785524018811,26.4602063133893,28.6419140114695
"marketable_yield_ssp1285","356",17.3890446713319,23.0285009285559,27.6754388541973,28.9655889651041
"marketable_yield_ssp1286","357",16.54778549553,22.5393848102014,27.4966225177215,29.4388213846176
"marketable_yield_ssp1287","358",16.2074845531687,21.9917273184659,27.1339775234219,29.8343003354822
"marketable_yield_ssp1288","359",17.2734337436214,23.0669266900623,28.8419100457484,31.3715258384568
"marketable_yield_ssp1289","36",10.9807863749815,13.226909660618,13.3245279446108,13.4188389460847
"marketable_yield_ssp1290","360",16.8847444524598,23.464728850009,29.310178001786,32.6648368782851
"marketable_yield_ssp1291","361",17.2165143115023,24.2424939818518,30.1452597019003,33.8314525445056
"marketable_yield_ssp1292","362",16.7134775329318,23.3689252349183,29.9173856600515,33.0803035178137
"marketable_yield_ssp1293","363",16.5326802753712,22.3944407172681,28.3053278858181,30.7613678028916
"marketable_yield_ssp1294","364",16.574306657523,22.2706883577942,27.2437218033289,30.0699386945942
"marketable_yield_ssp1295","365",5.24100447655909,6.53030237818628,3.64777202389238,3.5584054782553
"marketable_yield_ssp1296","366",8.8477680024195,10.910764197787,10.0013525737637,9.2882381288693
"marketable_yield_ssp1297","367",9.07583653573571,11.3442765355111,10.7026328711899,10.279443850009
"marketable_yield_ssp1298","368",9.72415319167213,11.8993477766267,11.6238570830208,11.3447745538
"marketable_yield_ssp1299","369",10.3876595296174,12.7390006880518,12.3511806997394,12.2499370429465
"marketable_yield_ssp1300","37",12.461067706649,15.6370143035792,16.1566382126558,16.4264885178894
"marketable_yield_ssp1301","370",9.3836804113579,11.4313104437941,10.8919486276943,10.252639130386
"marketable_yield_ssp1302","371",8.9518656149925,10.2672783973194,10.1498276575008,9.64666617801177
"marketable_yield_ssp1303","372",8.32281181725308,10.0488105922849,9.47893065993848,8.92705424436779
"marketable_yield_ssp1304","373",8.882590628199,10.3650174024978,10.5163122272989,10.0013386532177
"marketable_yield_ssp1305","374",9.90106591425526,12.1735813860445,12.4761047049181,12.3500758758584
"marketable_yield_ssp1306","375",11.6136828065783,14.3085711768439,15.3664927108027,15.0701707560155
"marketable_yield_ssp1307","376",13.3123996244121,16.6587473691337,18.157381257569,18.5240512122811
"marketable_yield_ssp1308","377",13.6770037943842,17.6377590464487,19.9457070267667,20.3576340937018
"marketable_yield_ssp1309","378",14.3199758838482,18.4920872631239,21.7652780385187,22.8445142615087
"marketable_yield_ssp1310","379",15.3076220104282,20.1698471168269,23.8354148799709,25.5650400832302
"marketable_yield_ssp1311","38",12.1557760100982,14.8423587193837,15.2357914018276,15.1276803085168
"marketable_yield_ssp1312","380",17.0535602199136,22.3143099328502,26.1610950474192,27.7672229284024
"marketable_yield_ssp1313","381",16.5353694919033,21.9694816623748,25.7727731526285,27.4903312790629
"marketable_yield_ssp1314","382",16.4487148696534,22.1983911480662,27.0664156768946,28.5932529112291
"marketable_yield_ssp1315","383",16.6145221759835,22.6904331602051,26.9010170941863,28.7912178983006
"marketable_yield_ssp1316","384",16.8369096773262,22.6383923758465,27.1265975199618,28.7738799266703
"marketable_yield_ssp1317","385",16.2479275681796,21.9839559361215,26.4213147560452,28.155200627542
"marketable_yield_ssp1318","386",16.1070885522283,21.9559578438836,26.465165217712,28.919477477982
"marketable_yield_ssp1319","387",16.6954589467893,22.989277373718,28.1855912045644,30.6137979863526
"marketable_yield_ssp1320","388",18.5464981081552,25.0895498131014,30.9029852874511,33.6861080941853
"marketable_yield_ssp1321","389",16.7683330561669,23.4454078676716,29.1466326347756,32.5907051259844
"marketable_yield_ssp1322","39",12.0167756471243,14.9434620775287,15.8220211315424,15.9671838561457
"marketable_yield_ssp1323","390",17.3774198737165,23.7163960572158,29.8169838503103,33.1233666319014
"marketable_yield_ssp1324","391",17.3233026298972,23.7505919679699,29.4671540136827,32.7289034700959
"marketable_yield_ssp1325","392",18.375308767205,24.2775022958691,29.7318025253813,31.916226800488
"marketable_yield_ssp1326","393",16.2288313978593,21.4659686585777,26.5383017739679,28.448223361044
"marketable_yield_ssp1327","394",9.62669075379461,10.7851949180139,10.2428733185095,9.35476418484027
"marketable_yield_ssp1328","395",9.69647266635081,11.1353652893631,10.2931396400251,9.91797519053754
"marketable_yield_ssp1329","396",8.52994891568979,9.77134387986145,8.92206459977321,8.07138758998749
"marketable_yield_ssp1330","397",10.0004224464429,11.8915676898596,11.3346960948884,11.0205620275919
"marketable_yield_ssp1331","398",10.059294948497,11.7460126146959,11.7011977754191,11.5328856041873
"marketable_yield_ssp1332","399",9.64151611341546,11.6567706681792,11.4566318160346,10.7473668570883
"marketable_yield_ssp1333","4",11.8335688046309,15.1343346785723,15.5958263738957,16.1456434422425
"marketable_yield_ssp1334","40",12.3578303117895,15.6986911746898,16.9588622125741,17.2702823264584
"marketable_yield_ssp1335","400",10.6293387328102,12.6217150580209,12.55906057092,11.9516221426314
"marketable_yield_ssp1336","401",9.1387346128624,11.0442785568611,10.8507007295111,10.0848136928342
"marketable_yield_ssp1337","402",8.06800752259635,9.70426582422363,9.57872546845861,8.81786662765117
"marketable_yield_ssp1338","403",8.48109742151682,9.68106614792328,9.54521357866981,8.63719129395729
"marketable_yield_ssp1339","404",8.66092207218863,10.0573415182681,10.2583730292678,9.68896636079044
"marketable_yield_ssp1340","405",8.72511891118796,10.7968989671199,10.88950320098,10.7741415244469
"marketable_yield_ssp1341","406",11.3849806730416,14.3690457745368,15.0607360723691,15.745191112769
"marketable_yield_ssp1342","407",13.1557405680653,17.1446516065236,18.5076097377033,19.0815388358694
"marketable_yield_ssp1343","408",14.2257795826962,18.2475448977703,20.7089367497983,21.3514442875575
"marketable_yield_ssp1344","409",16.7813582341728,21.2554707731898,24.2406636782598,24.8199694268278
"marketable_yield_ssp1345","41",11.526262772587,15.006705467724,15.6917487429082,16.0152795412699
"marketable_yield_ssp1346","410",15.6161471306368,20.7118769285666,23.9486875121007,25.2936579106056
"marketable_yield_ssp1347","411",15.6756306297435,20.9094376618976,24.9932248438046,27.0595760790968
"marketable_yield_ssp1348","412",15.4308656302048,21.1270204608575,25.809533469008,27.3287499808698
"marketable_yield_ssp1349","413",16.2454426980847,21.6823850760853,26.7057010712771,28.5158103058638
"marketable_yield_ssp1350","414",15.2763374425792,20.6923194270749,25.2137360272314,27.4951346965756
"marketable_yield_ssp1351","415",16.5492159916545,22.2264827979189,26.4771586163874,29.021973988964
"marketable_yield_ssp1352","416",15.7292873769442,21.9858111804926,26.5488265961881,28.8817181118594
"marketable_yield_ssp1353","417",16.0789258804963,22.5062938796452,27.8035475305179,30.3403119000045
"marketable_yield_ssp1354","418",17.2655579717597,23.5179545229876,29.5606773939982,32.3836020323289
"marketable_yield_ssp1355","419",18.6894828404336,25.3400403309924,31.6276262581932,34.3030696356808
"marketable_yield_ssp1356","42",12.7610306528395,15.4668431117305,16.2726750269137,16.8495779137847
"marketable_yield_ssp1357","420",17.0227780197445,22.4425862683942,28.2690968502619,30.9541587393361
"marketable_yield_ssp1358","421",16.0114631558794,21.799246716368,26.5712760087073,28.7272484603375
"marketable_yield_ssp1359","422",15.1854049736957,20.2526207419856,24.0089941510015,26.2451745323006
"marketable_yield_ssp1360","423",15.7851008514372,20.7954096309614,24.8757848358529,26.407400060243
"marketable_yield_ssp1361","424",9.51737781894534,10.8894854222841,10.3053935169243,9.30284387256035
"marketable_yield_ssp1362","425",9.92086961530347,11.4230816978975,11.31306327494,10.6010014390813
"marketable_yield_ssp1363","426",9.37937774793109,11.2851229841973,10.4040660966832,9.99411628743379
"marketable_yield_ssp1364","427",9.89628260429683,11.7806343082813,11.5442033856201,11.2634617351822
"marketable_yield_ssp1365","428",8.86682667146107,10.7437204540463,10.2311363453471,9.63338304974337
"marketable_yield_ssp1366","429",10.5001580439491,12.4812641800405,11.837884762881,11.3246333639018
"marketable_yield_ssp1367","43",11.9143496516977,14.674391390765,15.2012781329601,14.9557472028072
"marketable_yield_ssp1368","430",10.9675441002867,12.7607707551632,12.3752236662278,11.9316672926264
"marketable_yield_ssp1369","431",10.3281533639621,12.5529516195905,12.1866598761933,11.6609488836291
"marketable_yield_ssp1370","432",10.8334567742981,13.2350961832458,12.8431282574979,12.7426318662742
"marketable_yield_ssp1371","433",10.4503947663947,12.0695973047822,11.8833932598376,11.6734604162291
"marketable_yield_ssp1372","434",8.79770102128823,10.4791404000096,10.5685584432212,10.0711738768318
"marketable_yield_ssp1373","435",9.02812564429071,10.2867251935819,10.3317572284254,9.93378019031015
"marketable_yield_ssp1374","436",8.7982624040121,10.3251717965177,9.94744154193807,10.0463677872028
"marketable_yield_ssp1375","437",9.19416357326169,11.2150031177042,11.4837856699634,11.3880171822646
"marketable_yield_ssp1376","438",12.3525357670771,15.3466427181089,16.4257819245397,16.8085631371815
"marketable_yield_ssp1377","439",12.9759979177798,16.8895363963176,18.7150073358726,19.3475781360468
"marketable_yield_ssp1378","44",11.1425657451734,13.9221986223613,14.2725762110881,14.5318629092954
"marketable_yield_ssp1379","440",12.9121361625468,17.5435057712954,20.5167436455538,20.7816797807821
"marketable_yield_ssp1380","441",15.124366193575,19.4749916597007,22.388501000004,23.1194685156017
"marketable_yield_ssp1381","442",14.9854799461377,19.6829543100204,23.5232412345371,24.6443241164943
"marketable_yield_ssp1382","443",15.7515339689626,21.0914887978963,24.9504693867887,26.7842563147227
"marketable_yield_ssp1383","444",15.7825063481735,21.0405116461722,25.2492142009186,27.3256416781487
"marketable_yield_ssp1384","445",15.3616212072527,21.0414067503549,25.8019527531637,27.8120513548959
"marketable_yield_ssp1385","446",15.7570619095303,20.9189695528886,26.1929616196867,28.3488796144661
"marketable_yield_ssp1386","447",17.8431176284835,23.3955086173175,28.5994880764481,30.4276462215841
"marketable_yield_ssp1387","448",15.9963447944064,21.424948106593,27.2563001939565,29.9577219587517
"marketable_yield_ssp1388","449",17.32156067579,23.2152254831425,28.7204284121627,31.9342657237877
"marketable_yield_ssp1389","45",10.1752892424093,13.0534674845073,13.5274546074518,13.9646520496563
"marketable_yield_ssp1390","450",17.0754169752933,23.014199536376,28.5449140822375,31.0432343970418
"marketable_yield_ssp1391","451",15.4929548541547,21.0777553451826,25.8724671691689,27.6572120168329
"marketable_yield_ssp1392","452",14.8630395252734,19.5346072968323,23.5088435727579,24.6095402403444
"marketable_yield_ssp1393","453",12.4645540970813,14.698871424754,14.9659665940957,14.6367091355595
"marketable_yield_ssp1394","454",11.4132691736274,14.1915388219034,13.9447463510056,13.3798348370797
"marketable_yield_ssp1395","455",12.916512099613,15.6568186907552,16.0983464747777,15.3982392159127
"marketable_yield_ssp1396","456",13.5192453226876,16.3679184798171,16.6675075681224,16.6303928179837
"marketable_yield_ssp1397","457",12.4216327073546,15.4139652047435,15.376235797092,15.3419518776939
"marketable_yield_ssp1398","458",11.3104266603685,13.827500577915,13.981669451657,13.5930632812263
"marketable_yield_ssp1399","459",11.6490279386146,13.9128212967364,13.8569888449072,13.7892930987764
"marketable_yield_ssp1400","46",10.8295047271758,13.6679828122082,14.1755128092029,14.1851695244922
"marketable_yield_ssp1401","460",11.3303819829564,13.9917151508929,13.9463584259628,13.8328642961095
"marketable_yield_ssp1402","461",11.5254945549442,13.9893428535237,14.0195540148639,13.9698698862765
"marketable_yield_ssp1403","462",11.1140840706136,13.3687725022298,13.4848650909112,13.3817624638109
"marketable_yield_ssp1404","463",10.8344555744809,13.2518364806315,13.1868250072371,13.0602845065161
"marketable_yield_ssp1405","464",10.6902738856428,13.0562194417157,13.4848609889075,13.1190388963988
"marketable_yield_ssp1406","465",9.69734189242445,11.8329298324729,12.2013131151165,11.6527484175989
"marketable_yield_ssp1407","466",11.7329979311183,14.5266460324437,15.5318462167003,15.7695418946972
"marketable_yield_ssp1408","467",13.2780702466485,16.7520136573425,18.550488823828,18.8181316844981
"marketable_yield_ssp1409","468",13.4688307134454,17.2846560044674,19.6268490267857,20.1660135555314
"marketable_yield_ssp1410","469",14.5796761074074,18.5227107616817,20.7928286187323,21.5539083257987
"marketable_yield_ssp1411","47",10.147000687292,12.5555925942443,13.564262782014,13.3531053038594
"marketable_yield_ssp1412","470",14.6865222255508,18.6654572539482,21.6668210906805,21.9062465924083
"marketable_yield_ssp1413","471",14.9345018519771,19.0776845967272,22.7821166863051,23.5402208916701
"marketable_yield_ssp1414","472",14.4732019823721,18.8950501760681,22.7636822736484,23.6166154644314
"marketable_yield_ssp1415","473",15.753392261182,20.2062352828435,24.3659365320111,26.0493721756044
"marketable_yield_ssp1416","474",15.6114012396413,20.924295329467,25.189052367823,26.713104998091
"marketable_yield_ssp1417","475",17.3904784917295,21.9530609352745,26.7193971175283,28.1591742982141
"marketable_yield_ssp1418","476",16.9550578823307,21.3652792656252,26.397161334395,28.6654296210141
"marketable_yield_ssp1419","477",16.5572689219129,22.0418024867575,27.4185647931876,29.4543966445051
"marketable_yield_ssp1420","478",16.2174964680766,21.6972968549746,26.7889177131148,28.9221150096976
"marketable_yield_ssp1421","479",15.8842626028754,21.0397892666261,25.0952659578562,26.8043582787368
"marketable_yield_ssp1422","48",11.0992047907085,14.2649643881981,15.0435842010316,15.7107307800175
"marketable_yield_ssp1423","480",13.9382651352631,17.1941505090685,18.0888574085454,17.8492921597755
"marketable_yield_ssp1424","481",14.0848498027218,17.3944634997076,18.6797553166211,18.6670441270634
"marketable_yield_ssp1425","482",14.6745269436684,18.0838410904958,19.4399865085266,19.7377794243637
"marketable_yield_ssp1426","483",14.6240946152893,18.5419658630306,19.9854917222691,20.1798285633116
"marketable_yield_ssp1427","484",14.4752945264239,18.111881102843,19.8483602897369,20.1837447498845
"marketable_yield_ssp1428","485",14.6507235102715,17.81334869433,19.1019046803393,19.2804110537792
"marketable_yield_ssp1429","486",12.1945819473502,14.8642090385813,15.2086135324532,15.0670025433602
"marketable_yield_ssp1430","487",12.1102866730893,14.9607973385832,15.2877832643327,15.1045382546778
"marketable_yield_ssp1431","488",11.9077899876409,14.8722720321124,15.3773713584455,15.6557294522285
"marketable_yield_ssp1432","489",11.3508829149802,14.1034375075489,14.1207947171305,14.2199289935315
"marketable_yield_ssp1433","49",11.8954300830755,14.5336440647374,14.8761789039226,14.9268887816544
"marketable_yield_ssp1434","490",11.3117719458173,13.6301324069329,14.1863981003505,14.1613799194464
"marketable_yield_ssp1435","491",11.1125057604402,13.3986650841513,13.4544253965006,13.0192469434233
"marketable_yield_ssp1436","492",10.3064114386139,12.6449199258737,12.7153016112861,12.3221180575233
"marketable_yield_ssp1437","493",11.5553152771169,14.5942528565798,14.8681310190271,14.8575980698929
"marketable_yield_ssp1438","494",12.5934304922881,15.7895384100679,17.0374676433905,17.0453849649235
"marketable_yield_ssp1439","495",12.3269529357653,15.8941598927846,17.5736684958298,17.8962756767635
"marketable_yield_ssp1440","496",13.2374278097632,17.0808323968835,19.3967962000514,20.1167429747919
"marketable_yield_ssp1441","497",13.1418771252588,16.8399033499611,19.5344169092178,20.4230409296547
"marketable_yield_ssp1442","498",13.9288925067658,17.3278664392826,20.1431516232387,20.514152433294
"marketable_yield_ssp1443","499",14.5543506340146,18.7881908918545,21.9114341458059,22.6864980830674
"marketable_yield_ssp1444","5",11.3485155302144,15.0269196331995,15.8307103533107,15.8930429910119
"marketable_yield_ssp1445","50",12.0892528250536,14.7668136751131,14.8351224946955,14.5869875325801
"marketable_yield_ssp1446","500",15.0093630906839,19.7256513459587,23.4200086741355,24.461414913049
"marketable_yield_ssp1447","501",14.9760647058019,19.8263966810707,24.1423659611873,25.2308057534652
"marketable_yield_ssp1448","502",15.362358891208,20.1122602291289,24.2303217469954,25.7556713984394
"marketable_yield_ssp1449","503",16.0299732538714,20.521213110101,25.0066641976608,26.647067588386
"marketable_yield_ssp1450","504",15.5888738539093,20.4407168792632,25.2735397350301,26.8340612461386
"marketable_yield_ssp1451","505",15.1603906492852,19.9878595091969,24.1631838014769,25.8239342908136
"marketable_yield_ssp1452","506",15.0857173135366,18.7953769514973,20.5128547091501,20.3906142985269
"marketable_yield_ssp1453","507",15.9440658232522,19.7523393373991,22.4629929560163,23.355146538095
"marketable_yield_ssp1454","508",16.329880164642,21.5353679808242,24.3936050271181,24.7687346886348
"marketable_yield_ssp1455","509",17.3692076030166,22.7936831741689,26.1287092182345,27.1480928271266
"marketable_yield_ssp1456","51",11.7842526354523,14.4983439627241,14.6149388691106,14.4395642139511
"marketable_yield_ssp1457","510",16.9326406020538,22.0648440654883,25.1967546809897,26.8810747431088
"marketable_yield_ssp1458","511",15.011768490758,19.2000052637024,21.9057188306687,22.956892252251
"marketable_yield_ssp1459","512",14.990409580419,18.7358476787272,20.2222376299628,20.8826599888671
"marketable_yield_ssp1460","513",13.0221704405599,16.4142938974777,17.4446798212515,17.6164659483376
"marketable_yield_ssp1461","514",12.7071652033186,15.6969109042454,16.7784006393127,17.1762071958035
"marketable_yield_ssp1462","515",12.2453361006352,15.2617927877222,16.0812444463775,16.1451206795988
"marketable_yield_ssp1463","516",12.0100690096943,14.823133529986,15.552561190724,15.3875041139232
"marketable_yield_ssp1464","517",11.7184764613058,14.3565725842835,14.4035740447922,14.5542823724668
"marketable_yield_ssp1465","518",10.9910289656257,13.2951942419053,13.4227535299979,13.5258961674536
"marketable_yield_ssp1466","519",11.1309788962031,13.4754016739288,13.8115848006026,13.5221342378778
"marketable_yield_ssp1467","52",11.6529167020058,14.6296575366088,15.0418133964682,15.0945693278657
"marketable_yield_ssp1468","520",12.6166928285502,16.2444500386054,17.4234689829897,18.1362957383821
"marketable_yield_ssp1469","521",13.1634617368223,17.1964379077054,18.8555221717596,19.4462890268285
"marketable_yield_ssp1470","522",13.3152909165104,17.1121681380188,19.6169839583912,20.2175959296393
"marketable_yield_ssp1471","523",13.5900828916228,17.4069705807812,19.5525289685069,20.1489411913134
"marketable_yield_ssp1472","524",13.8937269056466,18.0883695632871,21.105853074673,21.7314229312093
"marketable_yield_ssp1473","525",16.1770140491262,21.1062446106383,26.2682602771552,28.0973812899564
"marketable_yield_ssp1474","526",16.0161523624296,21.3121653745457,26.0823306402707,27.8740865152314
"marketable_yield_ssp1475","527",15.4787767915229,20.3530322286775,24.6994898313144,26.223146442639
"marketable_yield_ssp1476","528",18.4567432514569,24.7232878600007,29.5901026893341,31.6093614473089
"marketable_yield_ssp1477","529",18.2482015400953,24.7384122586036,30.0199440630861,32.7898077047589
"marketable_yield_ssp1478","53",11.8497704483031,14.848490995807,15.1859933812563,15.1090920195841
"marketable_yield_ssp1479","530",17.9640386653717,23.8402493037895,28.5704586088134,31.2007925571061
"marketable_yield_ssp1480","531",17.951974107156,23.4172476721643,27.9563227874423,30.5719315421954
"marketable_yield_ssp1481","532",16.8265097567965,21.7428481803962,25.877746146839,27.1502201280931
"marketable_yield_ssp1482","533",16.050009764613,20.8681321537321,23.7671180666713,25.0923468168802
"marketable_yield_ssp1483","534",15.4178703870185,19.9570651943864,22.7276695466946,23.9948961040644
"marketable_yield_ssp1484","535",15.0302911422911,18.7447734230932,21.0014217809483,21.8846132964491
"marketable_yield_ssp1485","536",14.6417303150645,17.9694201865423,20.1938130736212,20.5422460475958
"marketable_yield_ssp1486","537",13.6472564063055,17.3235144515235,19.2116024681743,19.6974820744301
"marketable_yield_ssp1487","538",13.0648520313979,16.4104092473961,17.3715824797509,17.7689748641262
"marketable_yield_ssp1488","539",13.2430651642528,16.8001537551893,18.2420856763287,18.7840745849515
"marketable_yield_ssp1489","54",11.2091650379938,13.8998894814731,13.5821299587583,13.4807027867926
"marketable_yield_ssp1490","540",12.4733433775111,16.0052114741167,17.381978675986,17.9018680474554
"marketable_yield_ssp1491","541",13.9792846954464,17.5660309474823,19.4290494588356,20.1223848596056
"marketable_yield_ssp1492","542",18.5936336179153,25.2069778678549,31.0710352739317,33.8245347746673
"marketable_yield_ssp1493","543",18.9071086081935,26.1113828837364,31.7596125041677,35.0844855945183
"marketable_yield_ssp1494","544",17.6687578182047,24.1606413231245,30.1725719435968,33.6433135978998
"marketable_yield_ssp1495","545",19.4357726367368,25.6920089926981,31.8103819376998,34.5811076114245
"marketable_yield_ssp1496","546",18.3021675864839,24.7020421936127,30.0936218654532,32.5298069956906
"marketable_yield_ssp1497","547",17.8490618975279,23.8853161286135,28.7864167895135,31.1668107897971
"marketable_yield_ssp1498","548",16.4534661065605,21.7346351867386,26.2740658775733,28.3039843486762
"marketable_yield_ssp1499","549",16.320999929857,21.7371533847993,25.5397640495359,27.0273762595153
"marketable_yield_ssp1500","55",11.0354447296171,13.6074349143599,13.3843230814725,14.0338086653262
"marketable_yield_ssp1501","550",16.7991273603746,21.895353261907,25.9096794600007,27.5967162082635
"marketable_yield_ssp1502","551",16.3027843599983,20.9330365028251,24.4720754238989,25.5936433411072
"marketable_yield_ssp1503","552",17.5955208139444,24.1697864188617,30.253770451762,33.4181906207754
"marketable_yield_ssp1504","553",17.427737358982,23.8908469687826,29.9892754561611,32.8638965162814
"marketable_yield_ssp1505","554",19.2474285756604,25.4581115124881,30.9120497479029,33.4237515940999
"marketable_yield_ssp1506","555",18.2620604907358,24.3280620627525,29.5020933951135,32.0727335792199
"marketable_yield_ssp1507","556",16.0686256617444,21.7998672185425,26.5366953474639,28.9886746227974
"marketable_yield_ssp1508","557",17.1973720812234,22.5628073233432,26.5906669009934,28.6673275958194
"marketable_yield_ssp1509","558",17.6251442999206,22.8713281829141,26.7973856296928,29.0163121894638
"marketable_yield_ssp1510","559",17.648730294711,23.7570856248804,29.1089462787398,31.3875032926102
"marketable_yield_ssp1511","56",11.5367178247413,14.2871818927486,14.7382380931718,14.5424624268849
"marketable_yield_ssp1512","560",18.933594151184,24.7513558615116,30.1084768521776,32.2352994054789
"marketable_yield_ssp1513","561",17.045860175338,22.774229604786,27.9878768960422,30.7007798786769
"marketable_yield_ssp1514","562",16.6994403672455,22.3557911190758,27.2687334987367,28.9271066248335
"marketable_yield_ssp1515","563",16.0641462010321,21.5990613178464,25.7018628952989,27.413901470453
"marketable_yield_ssp1516","564",16.478051548931,21.531281883271,25.6912619087876,27.4590035748399
"marketable_yield_ssp1517","57",10.2948690009914,13.0770887724796,13.0568461164003,13.5138571826834
"marketable_yield_ssp1518","58",11.3266323186943,13.9631947455954,14.2763571852215,14.6889802442811
"marketable_yield_ssp1519","59",11.7672106657918,15.0033056006026,15.2855848275409,15.3448533494503
"marketable_yield_ssp1520","6",10.3074263881333,12.8518763511201,12.9391914908105,13.1564121154909
"marketable_yield_ssp1521","60",12.4372503850429,15.6543987437064,16.1792972854905,16.9388147728179
"marketable_yield_ssp1522","61",12.1224390422622,15.5911264803155,16.7423684678952,16.9330901180328
"marketable_yield_ssp1523","62",12.918098030815,16.6786800375265,17.9524573864198,18.2393971324883
"marketable_yield_ssp1524","63",12.7705575886748,16.5373740461237,17.5096321397887,17.487970210875
"marketable_yield_ssp1525","64",12.0417825009072,15.4553498535786,16.9385673041838,17.369888759771
"marketable_yield_ssp1526","65",12.7339642914987,16.3127413933337,17.5372847423262,17.2237750042092
"marketable_yield_ssp1527","66",11.6588969662846,15.0047626019255,16.2646601927683,16.9973496016619
"marketable_yield_ssp1528","67",12.0230063092726,15.0197734944271,16.165632712824,16.6854965474383
"marketable_yield_ssp1529","68",11.8242358244615,14.7897622205623,16.3184149067703,16.8269470225865
"marketable_yield_ssp1530","69",11.4957020124252,14.6450901387809,15.6403959280042,16.2303228743417
"marketable_yield_ssp1531","7",10.4864846908071,12.8250405453591,13.362402942289,13.2076551423143
"marketable_yield_ssp1532","70",11.7873653768384,15.1947453576982,16.3958021540055,17.0179413823258
"marketable_yield_ssp1533","71",12.6689929103793,15.9671474764469,17.5602907831112,17.9063887176273
"marketable_yield_ssp1534","72",12.4758823703861,15.1675944094744,15.5840885026455,15.4115997262638
"marketable_yield_ssp1535","73",11.5790143573278,14.1099273337556,14.3343458193562,14.1703946058161
"marketable_yield_ssp1536","74",11.2969955871345,13.763372322696,13.9240249924355,13.9939389565678
"marketable_yield_ssp1537","75",11.7240425137567,14.8203012087557,15.3307794069095,15.0637157976558
"marketable_yield_ssp1538","76",12.2367403219819,15.4113265981628,15.6019252063154,15.5438731861567
"marketable_yield_ssp1539","77",11.9046324697153,14.8796695268074,15.3531473288411,15.4554273450052
"marketable_yield_ssp1540","78",11.8766098791781,14.6286231943329,15.3776664452222,15.0024994396262
"marketable_yield_ssp1541","79",12.53268543978,15.5545253483006,16.458610914221,16.5293464286948
"marketable_yield_ssp1542","8",10.6566074443064,13.5962676247269,13.9617790374459,13.8291322616451
"marketable_yield_ssp1543","80",11.2381639084521,14.084857214117,14.3964937326456,14.1313036591106
"marketable_yield_ssp1544","81",10.6941865994118,13.2756904909262,13.2772295242786,13.1144582527769
"marketable_yield_ssp1545","82",9.80779199044289,12.4768816760216,12.3172961759826,12.6744447052975
"marketable_yield_ssp1546","83",9.38781620492042,11.2524500296238,11.6208161782771,11.5318361067265
"marketable_yield_ssp1547","84",11.0734289997062,13.8122981324388,13.8006018647829,13.5663592432552
"marketable_yield_ssp1548","85",10.4339906878548,13.205758600224,13.487621278371,13.8110537297137
"marketable_yield_ssp1549","86",11.4363655236635,14.3184549801097,15.3061193689864,15.5452462153789
"marketable_yield_ssp1550","87",11.7933606673145,14.9769227784765,15.9677659805924,16.1745906833244
"marketable_yield_ssp1551","88",11.3305837523858,14.6812912235609,15.4702813691145,15.7895944245098
"marketable_yield_ssp1552","89",12.0795885660942,15.4709738425374,16.1714881363093,16.9322023246593
"marketable_yield_ssp1553","9",9.79420988268627,12.2602284952666,12.0762234165302,12.1734838252445
"marketable_yield_ssp1554","90",12.8662157546576,16.4304767087455,17.9731697546078,18.3333005378598
"marketable_yield_ssp1555","91",12.3567863048473,15.7260362560144,16.973343083986,17.3332903212909
"marketable_yield_ssp1556","92",11.6909242200133,15.4072432388355,16.4345337338823,17.0826211904847
"marketable_yield_ssp1557","93",12.4986116082074,15.976845267893,17.1472860661333,17.6230009752586
"marketable_yield_ssp1558","94",10.649050666137,15.3009961868593,12.8582829594632,13.5600177605852
"marketable_yield_ssp1559","95",11.9872290248794,15.7429229470636,17.3455447629756,18.0868385582514
"marketable_yield_ssp1560","96",11.8394042236594,15.7365886920613,17.3405498942101,17.8211421514479
"marketable_yield_ssp1561","97",13.1710073250475,16.1931597471477,18.2643281855067,18.6050019215139
"marketable_yield_ssp1562","98",12.0787554496146,15.6435825927249,17.0090610024141,17.9378306546036
"marketable_yield_ssp1563","99",11.0891242693181,13.5857588243452,13.0855854983939,13.1879859707082
