"DATE","Year","Month","Day","Tmin","Tmax","Prec","ssp","gcm","scenario_year","yday","season","id","rain","soil_wet","Tmean","alpha","T_soil","photosynhthesis_day","drought_stress","disease_risk","insect_risk","risk_rain","yday_plot"
"2000-06-23 12:00:00",2000,6,23,20.52,31.3,0.19,"ssp126","ACCESS-CM2","2075",175,2001,"ssp126--ACCESS-CM2--2075",FALSE,FALSE,25.91,0.2,25.91,TRUE,0,0,0,0,-191
"2000-06-24 12:00:00",2000,6,24,18.76,34.39,0,"ssp126","ACCESS-CM2","2075",176,2001,"ssp126--ACCESS-CM2--2075",FALSE,FALSE,26.575,0.2,26.043,TRUE,0,0,0,0,-190
"2000-06-25 12:00:00",2000,6,25,16.15,24.13,7.07,"ssp126","ACCESS-CM2","2075",177,2001,"ssp126--ACCESS-CM2--2075",TRUE,TRUE,20.14,0.16,25.09852,TRUE,0,0,0,0,-189
"2000-06-26 12:00:00",2000,6,26,10.87,27.44,6.11,"ssp126","ACCESS-CM2","2075",178,2001,"ssp126--ACCESS-CM2--2075",TRUE,TRUE,19.155,0.16,24.1475568,TRUE,0,0,0,0,-188
"2000-06-27 12:00:00",2000,6,27,15.85,30.33,12.84,"ssp126","ACCESS-CM2","2075",179,2001,"ssp126--ACCESS-CM2--2075",TRUE,TRUE,23.09,0.16,23.978347712,FALSE,0,0,0,0,-187
"2000-06-28 12:00:00",2000,6,28,10.4,26.66,0.36,"ssp126","ACCESS-CM2","2075",180,2001,"ssp126--ACCESS-CM2--2075",FALSE,TRUE,18.53,0.16,23.10661207808,TRUE,0,0,0,0,-186
"2000-06-29 12:00:00",2000,6,29,19.3,29.83,0.43,"ssp126","ACCESS-CM2","2075",181,2001,"ssp126--ACCESS-CM2--2075",FALSE,FALSE,24.565,0.2,23.398289662464,TRUE,0,0,0,0,-185
"2000-06-30 12:00:00",2000,6,30,22.99,28.47,0,"ssp126","ACCESS-CM2","2075",182,2001,"ssp126--ACCESS-CM2--2075",FALSE,FALSE,25.73,0.2,23.8646317299712,TRUE,0,0,0,0,-184
"2000-07-01 12:00:00",2000,7,1,19.3,27.22,0,"ssp126","ACCESS-CM2","2075",183,2001,"ssp126--ACCESS-CM2--2075",FALSE,FALSE,23.26,0.2,23.743705383977,TRUE,0,0,0,0,-183
"2000-07-02 12:00:00",2000,7,2,19.1,26,5.68,"ssp126","ACCESS-CM2","2075",184,2001,"ssp126--ACCESS-CM2--2075",TRUE,TRUE,22.55,0.16,23.5527125225406,TRUE,0,0,0,0,-182
"2000-07-03 12:00:00",2000,7,3,17.27,22.89,3.02,"ssp126","ACCESS-CM2","2075",185,2001,"ssp126--ACCESS-CM2--2075",TRUE,TRUE,20.08,0.16,22.9970785189341,TRUE,0,0,0,0,-181
"2000-07-04 12:00:00",2000,7,4,17.26,21.68,0,"ssp126","ACCESS-CM2","2075",186,2001,"ssp126--ACCESS-CM2--2075",FALSE,TRUE,19.47,0.16,22.4327459559047,TRUE,0,0,0,0,-180
"2000-07-05 12:00:00",2000,7,5,19.02,26.28,0,"ssp126","ACCESS-CM2","2075",187,2001,"ssp126--ACCESS-CM2--2075",FALSE,FALSE,22.65,0.2,22.4761967647237,TRUE,0,0,0,0,-179
"2000-07-06 12:00:00",2000,7,6,13.82,31.31,0.55,"ssp126","ACCESS-CM2","2075",188,2001,"ssp126--ACCESS-CM2--2075",FALSE,FALSE,22.565,0.2,22.493957411779,TRUE,0,0,0,0,-178
"2000-07-07 12:00:00",2000,7,7,12.38,26.78,0.18,"ssp126","ACCESS-CM2","2075",189,2001,"ssp126--ACCESS-CM2--2075",FALSE,FALSE,19.58,0.2,21.9111659294232,TRUE,0,0,0,0,-177
"2000-07-08 12:00:00",2000,7,8,8.88,26.55,1.06,"ssp126","ACCESS-CM2","2075",190,2001,"ssp126--ACCESS-CM2--2075",TRUE,TRUE,17.715,0.16,21.2397793807155,TRUE,0,0,0,0,-176
"2000-07-09 12:00:00",2000,7,9,14.07,30.58,1.98,"ssp126","ACCESS-CM2","2075",191,2001,"ssp126--ACCESS-CM2--2075",TRUE,TRUE,22.325,0.16,21.413414679801,TRUE,0,0,0,0,-175
"2000-07-10 12:00:00",2000,7,10,8.93,27.39,0.97,"ssp126","ACCESS-CM2","2075",192,2001,"ssp126--ACCESS-CM2--2075",FALSE,TRUE,18.16,0.16,20.8928683310328,TRUE,0,0,0,0,-174
"2000-07-11 12:00:00",2000,7,11,13.93,20.35,8.62,"ssp126","ACCESS-CM2","2075",193,2001,"ssp126--ACCESS-CM2--2075",TRUE,TRUE,17.14,0.16,20.2924093980676,TRUE,0,0,0,0,-173
"2000-07-12 12:00:00",2000,7,12,14.4,20.52,0.27,"ssp126","ACCESS-CM2","2075",194,2001,"ssp126--ACCESS-CM2--2075",FALSE,TRUE,17.46,0.16,19.8392238943768,TRUE,0,0,0,0,-172
"2000-07-13 12:00:00",2000,7,13,17.22,23.85,0,"ssp126","ACCESS-CM2","2075",195,2001,"ssp126--ACCESS-CM2--2075",FALSE,FALSE,20.535,0.2,19.9783791155014,TRUE,0,0,0,0,-171
"2000-07-14 12:00:00",2000,7,14,15.54,21.97,0,"ssp126","ACCESS-CM2","2075",196,2001,"ssp126--ACCESS-CM2--2075",FALSE,FALSE,18.755,0.2,19.7337032924011,TRUE,0,0,0,0,-170
"2000-07-15 12:00:00",2000,7,15,10.69,23.83,0,"ssp126","ACCESS-CM2","2075",197,2001,"ssp126--ACCESS-CM2--2075",FALSE,FALSE,17.26,0.2,19.2389626339209,TRUE,0,0,0,0,-169
"2000-07-16 12:00:00",2000,7,16,13.61,19,0,"ssp126","ACCESS-CM2","2075",198,2001,"ssp126--ACCESS-CM2--2075",FALSE,FALSE,16.305,0.2,18.6521701071367,TRUE,0.1,0,0,0,-168
"2000-07-17 12:00:00",2000,7,17,11.44,22.15,0,"ssp126","ACCESS-CM2","2075",199,2001,"ssp126--ACCESS-CM2--2075",FALSE,FALSE,16.795,0.2,18.2807360857094,TRUE,0.15,0,0,0,-167
"2000-07-18 12:00:00",2000,7,18,12.18,21.33,2.84,"ssp126","ACCESS-CM2","2075",200,2001,"ssp126--ACCESS-CM2--2075",TRUE,TRUE,16.755,0.16,18.0366183119959,TRUE,0.15,0,0,0,-166
"2000-07-19 12:00:00",2000,7,19,11.29,19.92,0,"ssp126","ACCESS-CM2","2075",201,2001,"ssp126--ACCESS-CM2--2075",FALSE,TRUE,15.605,0.16,17.6475593820765,TRUE,0.15,0,0,0,-165
"2000-07-20 12:00:00",2000,7,20,10.61,21.42,0.27,"ssp126","ACCESS-CM2","2075",202,2001,"ssp126--ACCESS-CM2--2075",FALSE,FALSE,16.015,0.2,17.3210475056612,TRUE,0.15,0,0,0,-164
"2000-07-21 12:00:00",2000,7,21,15.39,18.99,5.03,"ssp126","ACCESS-CM2","2075",203,2001,"ssp126--ACCESS-CM2--2075",TRUE,TRUE,17.19,0.16,17.3000799047554,TRUE,0.15,0,0,0,-163
"2000-07-22 12:00:00",2000,7,22,15.7,23.39,7.83,"ssp126","ACCESS-CM2","2075",204,2001,"ssp126--ACCESS-CM2--2075",TRUE,TRUE,19.545,0.16,17.6592671199946,TRUE,0.15,0,0,0,-162
"2000-07-23 12:00:00",2000,7,23,15.18,20.14,12.38,"ssp126","ACCESS-CM2","2075",205,2001,"ssp126--ACCESS-CM2--2075",TRUE,TRUE,17.66,0.16,17.6593843807954,FALSE,0.15,0,0,0,-161
"2000-07-24 12:00:00",2000,7,24,13.64,20.26,0,"ssp126","ACCESS-CM2","2075",206,2001,"ssp126--ACCESS-CM2--2075",FALSE,TRUE,16.95,0.16,17.5458828798682,TRUE,0.15,0,0,0,-160
"2000-07-25 12:00:00",2000,7,25,12.97,22.32,0.09,"ssp126","ACCESS-CM2","2075",207,2001,"ssp126--ACCESS-CM2--2075",FALSE,FALSE,17.645,0.2,17.5657063038945,TRUE,0.15,0,0,0,-159
"2000-07-26 12:00:00",2000,7,26,16.14,21.66,4.98,"ssp126","ACCESS-CM2","2075",208,2001,"ssp126--ACCESS-CM2--2075",TRUE,TRUE,18.9,0.16,17.7791932952714,TRUE,0.15,0,0,0,-158
"2000-07-27 12:00:00",2000,7,27,16.23,23.16,2.78,"ssp126","ACCESS-CM2","2075",209,2001,"ssp126--ACCESS-CM2--2075",TRUE,TRUE,19.695,0.16,18.085722368028,TRUE,0.15,0,0,0,-157
"2000-07-28 12:00:00",2000,7,28,16.85,23.58,0.18,"ssp126","ACCESS-CM2","2075",210,2001,"ssp126--ACCESS-CM2--2075",FALSE,TRUE,20.215,0.16,18.4264067891435,TRUE,0.15,0,0,0,-156
"2000-07-29 12:00:00",2000,7,29,14.74,23.57,0,"ssp126","ACCESS-CM2","2075",211,2001,"ssp126--ACCESS-CM2--2075",FALSE,FALSE,19.155,0.2,18.5721254313148,TRUE,0.15,0,0,0,-155
"2000-07-30 12:00:00",2000,7,30,13.48,21.73,0.18,"ssp126","ACCESS-CM2","2075",212,2001,"ssp126--ACCESS-CM2--2075",FALSE,FALSE,17.605,0.2,18.3787003450518,TRUE,0.15,0,0,0,-154
"2000-07-31 12:00:00",2000,7,31,9.89,24.38,4.98,"ssp126","ACCESS-CM2","2075",213,2001,"ssp126--ACCESS-CM2--2075",TRUE,TRUE,17.135,0.16,18.1797082898435,TRUE,0.15,0,0,0,-153
"2000-08-01 12:00:00",2000,8,1,10.68,26.87,1.64,"ssp126","ACCESS-CM2","2075",214,2001,"ssp126--ACCESS-CM2--2075",TRUE,TRUE,18.775,0.16,18.2749549634686,TRUE,0.15,0,0,0,-152
"2000-08-02 12:00:00",2000,8,2,14.55,24.68,0,"ssp126","ACCESS-CM2","2075",215,2001,"ssp126--ACCESS-CM2--2075",FALSE,TRUE,19.615,0.16,18.4893621693136,TRUE,0.15,0,0,0,-151
"2000-08-03 12:00:00",2000,8,3,16.83,23.63,1.44,"ssp126","ACCESS-CM2","2075",216,2001,"ssp126--ACCESS-CM2--2075",TRUE,TRUE,20.23,0.16,18.7678642222234,TRUE,0.15,0,0,0,-150
"2000-08-04 12:00:00",2000,8,4,18.42,24.91,9.82,"ssp126","ACCESS-CM2","2075",217,2001,"ssp126--ACCESS-CM2--2075",TRUE,TRUE,21.665,0.16,19.2314059466677,TRUE,0.15,0,0,0,-149
"2000-08-05 12:00:00",2000,8,5,14.87,29.59,5.21,"ssp126","ACCESS-CM2","2075",218,2001,"ssp126--ACCESS-CM2--2075",TRUE,TRUE,22.23,0.16,19.7111809952009,TRUE,0.15,0,0,0,-148
"2000-08-06 12:00:00",2000,8,6,20.57,27.62,0,"ssp126","ACCESS-CM2","2075",219,2001,"ssp126--ACCESS-CM2--2075",FALSE,TRUE,24.095,0.16,20.4125920359687,TRUE,0.15,0,0,0,-147
"2000-08-07 12:00:00",2000,8,7,22.97,31.66,0,"ssp126","ACCESS-CM2","2075",220,2001,"ssp126--ACCESS-CM2--2075",FALSE,FALSE,27.315,0.2,21.793073628775,TRUE,0.15,0,0,0,-146
"2000-08-08 12:00:00",2000,8,8,19.2,25.71,18.83,"ssp126","ACCESS-CM2","2075",221,2001,"ssp126--ACCESS-CM2--2075",TRUE,TRUE,22.455,0.16,21.898981848171,FALSE,0.15,0,0,0,-145
"2000-08-09 12:00:00",2000,8,9,17.98,36.49,0,"ssp126","ACCESS-CM2","2075",222,2001,"ssp126--ACCESS-CM2--2075",FALSE,TRUE,27.235,0.16,22.7527447524636,TRUE,0.15,0,0,0,-144
"2000-08-10 12:00:00",2000,8,10,18.78,32.63,0,"ssp126","ACCESS-CM2","2075",223,2001,"ssp126--ACCESS-CM2--2075",FALSE,FALSE,25.705,0.2,23.3431958019709,TRUE,0.15,0,0,0,-143
"2000-08-11 12:00:00",2000,8,11,15.82,34.59,0,"ssp126","ACCESS-CM2","2075",224,2001,"ssp126--ACCESS-CM2--2075",FALSE,FALSE,25.205,0.2,23.7155566415767,TRUE,0.15,0,0,0,-142
"2000-08-12 12:00:00",2000,8,12,12.38,34.92,0,"ssp126","ACCESS-CM2","2075",225,2001,"ssp126--ACCESS-CM2--2075",FALSE,FALSE,23.65,0.2,23.7024453132614,TRUE,0.15,0,0,0,-141
"2000-08-13 12:00:00",2000,8,13,15.49,34.98,0,"ssp126","ACCESS-CM2","2075",226,2001,"ssp126--ACCESS-CM2--2075",FALSE,FALSE,25.235,0.2,24.0089562506091,TRUE,0.25,0,0.1,0,-140
"2000-08-14 12:00:00",2000,8,14,17.61,34.51,0,"ssp126","ACCESS-CM2","2075",227,2001,"ssp126--ACCESS-CM2--2075",FALSE,FALSE,26.06,0.2,24.4191650004873,TRUE,0.3,0,0.15,0,-139
"2000-08-15 12:00:00",2000,8,15,17.13,30.61,0,"ssp126","ACCESS-CM2","2075",228,2001,"ssp126--ACCESS-CM2--2075",FALSE,FALSE,23.87,0.2,24.3093320003898,TRUE,0.35,0,0.2,0,-138
"2000-08-16 12:00:00",2000,8,16,16.27,32.74,0,"ssp126","ACCESS-CM2","2075",229,2001,"ssp126--ACCESS-CM2--2075",FALSE,FALSE,24.505,0.2,24.3484656003119,TRUE,0.4,0,0.25,0,-137
"2000-08-17 12:00:00",2000,8,17,15.58,27.03,5.82,"ssp126","ACCESS-CM2","2075",230,2001,"ssp126--ACCESS-CM2--2075",TRUE,TRUE,21.305,0.16,23.861511104262,TRUE,0.4,0,0.25,0,-136
"2000-08-18 12:00:00",2000,8,18,18.32,26.96,4.07,"ssp126","ACCESS-CM2","2075",231,2001,"ssp126--ACCESS-CM2--2075",TRUE,TRUE,22.64,0.16,23.66606932758,TRUE,0.4,0,0.25,0,-135
"2000-08-19 12:00:00",2000,8,19,19.94,29.45,5.82,"ssp126","ACCESS-CM2","2075",232,2001,"ssp126--ACCESS-CM2--2075",TRUE,TRUE,24.695,0.16,23.8306982351672,TRUE,0.4,0,0.25,0,-134
"2000-08-20 12:00:00",2000,8,20,16.99,33.9,0,"ssp126","ACCESS-CM2","2075",233,2001,"ssp126--ACCESS-CM2--2075",FALSE,TRUE,25.445,0.16,24.0889865175405,TRUE,0.4,0,0.25,0,-133
"2000-08-21 12:00:00",2000,8,21,11.65,30.36,0,"ssp126","ACCESS-CM2","2075",234,2001,"ssp126--ACCESS-CM2--2075",FALSE,FALSE,21.005,0.2,23.4721892140324,TRUE,0.4,0,0.25,0,-132
"2000-08-22 12:00:00",2000,8,22,15.36,26.29,0.19,"ssp126","ACCESS-CM2","2075",235,2001,"ssp126--ACCESS-CM2--2075",FALSE,FALSE,20.825,0.2,22.9427513712259,TRUE,0.4,0,0.25,0,-131
"2000-08-23 12:00:00",2000,8,23,22.55,27.65,1.19,"ssp126","ACCESS-CM2","2075",236,2001,"ssp126--ACCESS-CM2--2075",TRUE,TRUE,25.1,0.16,23.2879111518298,TRUE,0.4,0,0.25,0,-130
"2000-08-24 12:00:00",2000,8,24,22.27,28.67,22.69,"ssp126","ACCESS-CM2","2075",237,2001,"ssp126--ACCESS-CM2--2075",TRUE,TRUE,25.47,0.16,23.637045367537,FALSE,0.4,0,0.25,0,-129
"2000-08-25 12:00:00",2000,8,25,16.18,26.32,9.83,"ssp126","ACCESS-CM2","2075",238,2001,"ssp126--ACCESS-CM2--2075",TRUE,TRUE,21.25,0.16,23.2551181087311,TRUE,0.4,0,0.25,0,-128
"2000-08-26 12:00:00",2000,8,26,14.72,24.79,0,"ssp126","ACCESS-CM2","2075",239,2001,"ssp126--ACCESS-CM2--2075",FALSE,TRUE,19.755,0.16,22.6950992113341,TRUE,0.4,0,0.25,0,-127
"2000-08-27 12:00:00",2000,8,27,10.2,28.84,0,"ssp126","ACCESS-CM2","2075",240,2001,"ssp126--ACCESS-CM2--2075",FALSE,FALSE,19.52,0.2,22.0600793690673,TRUE,0.4,0,0.25,0,-126
"2000-08-28 12:00:00",2000,8,28,8.4,30.83,6.61,"ssp126","ACCESS-CM2","2075",241,2001,"ssp126--ACCESS-CM2--2075",TRUE,TRUE,19.615,0.16,21.6688666700165,TRUE,0.4,0,0.25,0,-125
"2000-08-29 12:00:00",2000,8,29,11.28,25.17,0,"ssp126","ACCESS-CM2","2075",242,2001,"ssp126--ACCESS-CM2--2075",FALSE,TRUE,18.225,0.16,21.1178480028139,TRUE,0.4,0,0.25,0,-124
"2000-08-30 12:00:00",2000,8,30,10.55,22.81,7.31,"ssp126","ACCESS-CM2","2075",243,2001,"ssp126--ACCESS-CM2--2075",TRUE,TRUE,16.68,0.16,20.4077923223637,TRUE,0.4,0,0.25,0,-123
"2000-08-31 12:00:00",2000,8,31,11.36,23.13,3.93,"ssp126","ACCESS-CM2","2075",244,2001,"ssp126--ACCESS-CM2--2075",TRUE,TRUE,17.245,0.16,19.9017455507855,TRUE,0.4,0,0.25,0,-122
"2000-09-01 12:00:00",2000,9,1,9.97,17.88,0,"ssp126","ACCESS-CM2","2075",245,2001,"ssp126--ACCESS-CM2--2075",FALSE,TRUE,13.925,0.16,18.9454662626598,FALSE,0.4,0,0.25,0,-121
"2000-09-02 12:00:00",2000,9,2,11.39,20.08,0,"ssp126","ACCESS-CM2","2075",246,2001,"ssp126--ACCESS-CM2--2075",FALSE,FALSE,15.735,0.2,18.3033730101278,TRUE,0.4,0,0.25,0,-120
"2000-09-03 12:00:00",2000,9,3,14.24,18.12,0.21,"ssp126","ACCESS-CM2","2075",247,2001,"ssp126--ACCESS-CM2--2075",FALSE,FALSE,16.18,0.2,17.8786984081023,TRUE,0.4,0,0.25,0,-119
"2000-09-04 12:00:00",2000,9,4,11.83,21.84,6.5,"ssp126","ACCESS-CM2","2075",248,2001,"ssp126--ACCESS-CM2--2075",TRUE,TRUE,16.835,0.16,17.7117066628059,TRUE,0.4,0,0.25,0,-118
"2000-09-05 12:00:00",2000,9,5,9.83,27.91,12.07,"ssp126","ACCESS-CM2","2075",249,2001,"ssp126--ACCESS-CM2--2075",TRUE,TRUE,18.87,0.16,17.897033596757,FALSE,0.4,0,0.25,0,-117
"2000-09-06 12:00:00",2000,9,6,13.83,31.38,0,"ssp126","ACCESS-CM2","2075",250,2001,"ssp126--ACCESS-CM2--2075",FALSE,TRUE,22.605,0.16,18.6503082212758,TRUE,0.4,0,0.25,0,-116
"2000-09-07 12:00:00",2000,9,7,14.61,28.18,0,"ssp126","ACCESS-CM2","2075",251,2001,"ssp126--ACCESS-CM2--2075",FALSE,FALSE,21.395,0.2,19.1992465770207,TRUE,0.4,0,0.25,0,-115
"2000-09-08 12:00:00",2000,9,8,13.03,25.43,0,"ssp126","ACCESS-CM2","2075",252,2001,"ssp126--ACCESS-CM2--2075",FALSE,FALSE,19.23,0.2,19.2053972616165,TRUE,0.4,0,0.25,0,-114
"2000-09-09 12:00:00",2000,9,9,14.8,21.95,5.69,"ssp126","ACCESS-CM2","2075",253,2001,"ssp126--ACCESS-CM2--2075",TRUE,TRUE,18.375,0.16,19.0725336997579,TRUE,0.4,0,0.25,0,-113
"2000-09-10 12:00:00",2000,9,10,11.95,23.25,0.17,"ssp126","ACCESS-CM2","2075",254,2001,"ssp126--ACCESS-CM2--2075",FALSE,TRUE,17.6,0.16,18.8369283077966,TRUE,0.4,0,0.25,0,-112
"2000-09-11 12:00:00",2000,9,11,9.47,24.21,8.05,"ssp126","ACCESS-CM2","2075",255,2001,"ssp126--ACCESS-CM2--2075",TRUE,TRUE,16.84,0.16,18.5174197785492,TRUE,0.4,0,0.25,0,-111
"2000-09-12 12:00:00",2000,9,12,7.18,23.64,1.67,"ssp126","ACCESS-CM2","2075",256,2001,"ssp126--ACCESS-CM2--2075",TRUE,TRUE,15.41,0.16,18.0202326139813,TRUE,0.4,0,0.25,0,-110
"2000-09-13 12:00:00",2000,9,13,12.64,21.32,5.56,"ssp126","ACCESS-CM2","2075",257,2001,"ssp126--ACCESS-CM2--2075",TRUE,TRUE,16.98,0.16,17.8537953957443,TRUE,0.4,0,0.25,0,-109
"2000-09-14 12:00:00",2000,9,14,10.26,26.14,0.24,"ssp126","ACCESS-CM2","2075",258,2001,"ssp126--ACCESS-CM2--2075",FALSE,TRUE,18.2,0.16,17.9091881324252,TRUE,0.4,0,0.25,0,-108
"2000-09-15 12:00:00",2000,9,15,9.77,21.07,4.74,"ssp126","ACCESS-CM2","2075",259,2001,"ssp126--ACCESS-CM2--2075",TRUE,TRUE,15.42,0.16,17.5109180312372,TRUE,0.4,0,0.25,0,-107
"2000-09-16 12:00:00",2000,9,16,7.53,20.82,0.52,"ssp126","ACCESS-CM2","2075",260,2001,"ssp126--ACCESS-CM2--2075",FALSE,TRUE,14.175,0.16,16.9771711462392,FALSE,0.4,0,0.25,0,-106
"2000-09-17 12:00:00",2000,9,17,12.56,16.57,1.49,"ssp126","ACCESS-CM2","2075",261,2001,"ssp126--ACCESS-CM2--2075",TRUE,TRUE,14.565,0.16,16.591223762841,FALSE,0.4,0,0.25,0,-105
"2000-09-18 12:00:00",2000,9,18,11.47,19.48,0,"ssp126","ACCESS-CM2","2075",262,2001,"ssp126--ACCESS-CM2--2075",FALSE,TRUE,15.475,0.16,16.4126279607864,TRUE,0.4,0,0.25,0,-104
"2000-09-19 12:00:00",2000,9,19,6.34,22.34,0.32,"ssp126","ACCESS-CM2","2075",263,2001,"ssp126--ACCESS-CM2--2075",FALSE,FALSE,14.34,0.2,15.9981023686291,FALSE,0.4,0,0.25,0,-103
"2000-09-20 12:00:00",2000,9,20,9.81,19.74,0.1,"ssp126","ACCESS-CM2","2075",264,2001,"ssp126--ACCESS-CM2--2075",FALSE,FALSE,14.775,0.2,15.7534818949033,FALSE,0.4,0,0.25,0,-102
"2000-09-21 12:00:00",2000,9,21,14.21,20.42,6.32,"ssp126","ACCESS-CM2","2075",265,2001,"ssp126--ACCESS-CM2--2075",TRUE,TRUE,17.315,0.16,16.0033247917188,TRUE,0.4,0,0.25,0,-101
"2000-09-22 12:00:00",2000,9,22,12.17,23.34,0,"ssp126","ACCESS-CM2","2075",266,2001,"ssp126--ACCESS-CM2--2075",FALSE,TRUE,17.755,0.16,16.2835928250438,TRUE,0.4,0,0.25,0,-100
"2000-09-23 12:00:00",2000,9,23,10.63,23.22,0.09,"ssp126","ACCESS-CM2","2075",267,2001,"ssp126--ACCESS-CM2--2075",FALSE,FALSE,16.925,0.2,16.411874260035,TRUE,0.4,0,0.25,0,-99
"2000-09-24 12:00:00",2000,9,24,13.77,20.78,3.91,"ssp126","ACCESS-CM2","2075",268,2001,"ssp126--ACCESS-CM2--2075",TRUE,TRUE,17.275,0.16,16.5499743784294,TRUE,0.4,0,0.25,0,-98
"2000-09-25 12:00:00",2000,9,25,10.45,19.25,0,"ssp126","ACCESS-CM2","2075",269,2001,"ssp126--ACCESS-CM2--2075",FALSE,TRUE,14.85,0.16,16.2779784778807,FALSE,0.4,0,0.25,0,-97
"2000-09-26 12:00:00",2000,9,26,9.19,15.85,0.1,"ssp126","ACCESS-CM2","2075",270,2001,"ssp126--ACCESS-CM2--2075",FALSE,FALSE,12.52,0.2,15.5263827823046,FALSE,0.4,0,0.25,0,-96
"2000-09-27 12:00:00",2000,9,27,10.07,16.95,0,"ssp126","ACCESS-CM2","2075",271,2001,"ssp126--ACCESS-CM2--2075",FALSE,FALSE,13.51,0.2,15.1231062258437,FALSE,0.4,0,0.25,0,-95
"2000-09-28 12:00:00",2000,9,28,6.07,19.81,0,"ssp126","ACCESS-CM2","2075",272,2001,"ssp126--ACCESS-CM2--2075",FALSE,FALSE,12.94,0.2,14.6864849806749,FALSE,0.4,0,0.25,0,-94
"2000-09-29 12:00:00",2000,9,29,11.6,13.64,4.81,"ssp126","ACCESS-CM2","2075",273,2001,"ssp126--ACCESS-CM2--2075",TRUE,TRUE,12.62,0.16,14.3558473837669,FALSE,0.4,0,0.25,0,-93
"2000-09-30 12:00:00",2000,9,30,12.27,13.99,5.43,"ssp126","ACCESS-CM2","2075",274,2001,"ssp126--ACCESS-CM2--2075",TRUE,TRUE,13.13,0.16,14.1597118023642,FALSE,0.4,0,0.25,0,-92
"2000-10-01 12:00:00",2000,10,1,11.54,14.55,0.68,"ssp126","ACCESS-CM2","2075",275,2001,"ssp126--ACCESS-CM2--2075",FALSE,TRUE,13.045,0.16,13.9813579139859,FALSE,0.4,0,0.25,0,-91
"2000-10-02 12:00:00",2000,10,2,4.09,17.16,0,"ssp126","ACCESS-CM2","2075",276,2001,"ssp126--ACCESS-CM2--2075",FALSE,FALSE,10.625,0.2,13.3100863311888,FALSE,0.4,0,0.25,0,-90
"2000-10-03 12:00:00",2000,10,3,4.53,13.64,0,"ssp126","ACCESS-CM2","2075",277,2001,"ssp126--ACCESS-CM2--2075",FALSE,FALSE,9.085,0.2,12.465069064951,FALSE,0.4,0,0.25,0,-89
"2000-10-04 12:00:00",2000,10,4,7.39,10.86,0.14,"ssp126","ACCESS-CM2","2075",278,2001,"ssp126--ACCESS-CM2--2075",FALSE,FALSE,9.125,0.2,11.7970552519608,FALSE,0.4,0,0.25,0,-88
"2000-10-05 12:00:00",2000,10,5,8.07,12.83,0,"ssp126","ACCESS-CM2","2075",279,2001,"ssp126--ACCESS-CM2--2075",FALSE,FALSE,10.45,0.2,11.5276442015686,FALSE,0.5,0,0.25,0,-87
"2000-10-06 12:00:00",2000,10,6,1.78,16.82,0,"ssp126","ACCESS-CM2","2075",280,2001,"ssp126--ACCESS-CM2--2075",FALSE,FALSE,9.3,0.2,11.0821153612549,FALSE,0.55,0,0.25,0,-86
"2000-10-07 12:00:00",2000,10,7,2.48,15.68,0,"ssp126","ACCESS-CM2","2075",281,2001,"ssp126--ACCESS-CM2--2075",FALSE,FALSE,9.08,0.2,10.6816922890039,FALSE,0.6,0,0.25,0,-85
"2000-10-08 12:00:00",2000,10,8,2.96,17.95,0,"ssp126","ACCESS-CM2","2075",282,2001,"ssp126--ACCESS-CM2--2075",FALSE,FALSE,10.455,0.2,10.6363538312031,FALSE,0.65,0,0.25,0,-84
"2000-10-09 12:00:00",2000,10,9,10.26,19.75,3.83,"ssp126","ACCESS-CM2","2075",283,2001,"ssp126--ACCESS-CM2--2075",TRUE,TRUE,15.005,0.16,11.3353372182106,TRUE,0.65,0,0.25,0,-83
"2000-10-10 12:00:00",2000,10,10,12.23,22.9,2.26,"ssp126","ACCESS-CM2","2075",284,2001,"ssp126--ACCESS-CM2--2075",TRUE,TRUE,17.565,0.16,12.3320832632969,TRUE,0.65,0,0.25,0,-82
"2000-10-11 12:00:00",2000,10,11,10.34,21.95,2.19,"ssp126","ACCESS-CM2","2075",285,2001,"ssp126--ACCESS-CM2--2075",TRUE,TRUE,16.145,0.16,12.9421499411694,TRUE,0.65,0,0.25,0,-81
"2000-10-12 12:00:00",2000,10,12,14.96,26.9,2.45,"ssp126","ACCESS-CM2","2075",286,2001,"ssp126--ACCESS-CM2--2075",TRUE,TRUE,20.93,0.16,14.2202059505823,TRUE,0.65,0,0.25,0,-80
"2000-10-13 12:00:00",2000,10,13,12.57,29.36,0,"ssp126","ACCESS-CM2","2075",287,2001,"ssp126--ACCESS-CM2--2075",FALSE,TRUE,20.965,0.16,15.2993729984891,TRUE,0.65,0,0.25,0,-79
"2000-10-14 12:00:00",2000,10,14,10.73,28.51,0,"ssp126","ACCESS-CM2","2075",288,2001,"ssp126--ACCESS-CM2--2075",FALSE,FALSE,19.62,0.2,16.1634983987913,TRUE,0.65,0,0.25,0,-78
"2000-10-15 12:00:00",2000,10,15,13.39,25.91,5.52,"ssp126","ACCESS-CM2","2075",289,2001,"ssp126--ACCESS-CM2--2075",TRUE,TRUE,19.65,0.16,16.7213386549847,TRUE,0.65,0,0.25,0,-77
"2000-10-16 12:00:00",2000,10,16,9.23,23.34,0,"ssp126","ACCESS-CM2","2075",290,2001,"ssp126--ACCESS-CM2--2075",FALSE,TRUE,16.285,0.16,16.6515244701872,TRUE,0.65,0,0.25,0,-76
"2000-10-17 12:00:00",2000,10,17,10.71,21.7,2.45,"ssp126","ACCESS-CM2","2075",291,2001,"ssp126--ACCESS-CM2--2075",TRUE,TRUE,16.205,0.16,16.5800805549572,TRUE,0.65,0,0.25,0,-75
"2000-10-18 12:00:00",2000,10,18,8.16,18.98,9.13,"ssp126","ACCESS-CM2","2075",292,2001,"ssp126--ACCESS-CM2--2075",TRUE,TRUE,13.57,0.16,16.0984676661641,FALSE,0.65,0,0.25,0,-74
"2000-10-19 12:00:00",2000,10,19,14.84,18.87,6.78,"ssp126","ACCESS-CM2","2075",293,2001,"ssp126--ACCESS-CM2--2075",TRUE,TRUE,16.855,0.16,16.2195128395778,TRUE,0.65,0,0.25,0,-73
"2000-10-20 12:00:00",2000,10,20,10.24,18.31,1.32,"ssp126","ACCESS-CM2","2075",294,2001,"ssp126--ACCESS-CM2--2075",TRUE,TRUE,14.275,0.16,15.9083907852454,FALSE,0.65,0,0.25,0,-72
"2000-10-21 12:00:00",2000,10,21,12.58,18.48,0,"ssp126","ACCESS-CM2","2075",295,2001,"ssp126--ACCESS-CM2--2075",FALSE,TRUE,15.53,0.16,15.8478482596061,TRUE,0.65,0,0.25,0,-71
"2000-10-22 12:00:00",2000,10,22,8.37,13.47,4.43,"ssp126","ACCESS-CM2","2075",296,2001,"ssp126--ACCESS-CM2--2075",TRUE,TRUE,10.92,0.16,15.0593925380691,FALSE,0.65,0,0.25,0,-70
"2000-10-23 12:00:00",2000,10,23,0.35,10.18,4.43,"ssp126","ACCESS-CM2","2075",297,2001,"ssp126--ACCESS-CM2--2075",TRUE,TRUE,5.265,0.16,13.4922897319781,FALSE,0.65,0,0.25,0,-69
"2000-10-24 12:00:00",2000,10,24,2.6,12.07,1.25,"ssp126","ACCESS-CM2","2075",298,2001,"ssp126--ACCESS-CM2--2075",TRUE,TRUE,7.335,0.16,12.5071233748616,FALSE,0.65,0,0.25,0,-68
"2000-10-25 12:00:00",2000,10,25,1.38,14.71,0,"ssp126","ACCESS-CM2","2075",299,2001,"ssp126--ACCESS-CM2--2075",FALSE,TRUE,8.045,0.16,11.7931836348837,FALSE,0.65,0,0.25,0,-67
"2000-10-26 12:00:00",2000,10,26,3.53,18.94,0,"ssp126","ACCESS-CM2","2075",300,2001,"ssp126--ACCESS-CM2--2075",FALSE,FALSE,11.235,0.2,11.681546907907,FALSE,0.65,0,0.25,0,-66
"2000-10-27 12:00:00",2000,10,27,4,18.65,0,"ssp126","ACCESS-CM2","2075",301,2001,"ssp126--ACCESS-CM2--2075",FALSE,FALSE,11.325,0.2,11.6102375263256,FALSE,0.65,0,0.25,0,-65
"2000-10-28 12:00:00",2000,10,28,9.01,18.45,6.6,"ssp126","ACCESS-CM2","2075",302,2001,"ssp126--ACCESS-CM2--2075",TRUE,TRUE,13.73,0.16,11.9493995221135,FALSE,0.65,0,0.25,0,-64
"2000-10-29 12:00:00",2000,10,29,11.65,18.93,4.52,"ssp126","ACCESS-CM2","2075",303,2001,"ssp126--ACCESS-CM2--2075",TRUE,TRUE,15.29,0.16,12.4838955985753,TRUE,0.65,0,0.25,0,-63
"2000-10-30 12:00:00",2000,10,30,9.43,16.77,0,"ssp126","ACCESS-CM2","2075",304,2001,"ssp126--ACCESS-CM2--2075",FALSE,TRUE,13.1,0.16,12.5824723028033,FALSE,0.65,0,0.25,0,-62
"2000-10-31 12:00:00",2000,10,31,8.93,15.81,0,"ssp126","ACCESS-CM2","2075",305,2001,"ssp126--ACCESS-CM2--2075",FALSE,FALSE,12.37,0.2,12.5399778422426,FALSE,0.65,0,0.25,0,-61
"2000-11-01 12:00:00",2000,11,1,7.23,14.4,0,"ssp126","ACCESS-CM2","2075",306,2001,"ssp126--ACCESS-CM2--2075",FALSE,FALSE,10.815,0.2,12.1949822737941,FALSE,0.65,0,0.25,0,-60
"2000-11-02 12:00:00",2000,11,2,4.87,21.46,0.26,"ssp126","ACCESS-CM2","2075",307,2001,"ssp126--ACCESS-CM2--2075",FALSE,FALSE,13.165,0.2,12.3889858190353,FALSE,0.65,0,0.25,0,-59
"2000-11-03 12:00:00",2000,11,3,4.02,14.62,1.48,"ssp126","ACCESS-CM2","2075",308,2001,"ssp126--ACCESS-CM2--2075",TRUE,TRUE,9.32,0.16,11.8979480879896,FALSE,0.65,0,0.25,0,-58
"2000-11-04 12:00:00",2000,11,4,8.21,17.99,5.69,"ssp126","ACCESS-CM2","2075",309,2001,"ssp126--ACCESS-CM2--2075",TRUE,TRUE,13.1,0.16,12.0902763939113,FALSE,0.65,0,0.25,0,-57
"2000-11-05 12:00:00",2000,11,5,9.22,15.5,1.75,"ssp126","ACCESS-CM2","2075",310,2001,"ssp126--ACCESS-CM2--2075",TRUE,TRUE,12.36,0.16,12.1334321708855,FALSE,0.65,0,0.25,0,-56
"2000-11-06 12:00:00",2000,11,6,10.26,13.93,15.46,"ssp126","ACCESS-CM2","2075",311,2001,"ssp126--ACCESS-CM2--2075",TRUE,TRUE,12.095,0.16,12.1272830235438,FALSE,0.65,0,0.25,0,-55
"2000-11-07 12:00:00",2000,11,7,7.47,11.07,0,"ssp126","ACCESS-CM2","2075",312,2001,"ssp126--ACCESS-CM2--2075",FALSE,TRUE,9.27,0.16,11.6701177397768,FALSE,0.65,0,0.25,0,-54
"2000-11-08 12:00:00",2000,11,8,4.12,14.71,0,"ssp126","ACCESS-CM2","2075",313,2001,"ssp126--ACCESS-CM2--2075",FALSE,FALSE,9.415,0.2,11.2190941918214,FALSE,0.65,0,0.25,0,-53
"2000-11-09 12:00:00",2000,11,9,8.63,16.1,0,"ssp126","ACCESS-CM2","2075",314,2001,"ssp126--ACCESS-CM2--2075",FALSE,FALSE,12.365,0.2,11.4482753534572,FALSE,0.65,0,0.25,0,-52
"2000-11-10 12:00:00",2000,11,10,6.31,15.18,0,"ssp126","ACCESS-CM2","2075",315,2001,"ssp126--ACCESS-CM2--2075",FALSE,FALSE,10.745,0.2,11.3076202827657,FALSE,0.65,0,0.25,0,-51
"2000-11-11 12:00:00",2000,11,11,7.96,15.65,0,"ssp126","ACCESS-CM2","2075",316,2001,"ssp126--ACCESS-CM2--2075",FALSE,FALSE,11.805,0.2,11.4070962262126,FALSE,0.75,0,0.25,0,-50
"2000-11-12 12:00:00",2000,11,12,6.87,15.04,0,"ssp126","ACCESS-CM2","2075",317,2001,"ssp126--ACCESS-CM2--2075",FALSE,FALSE,10.955,0.2,11.3166769809701,FALSE,0.8,0,0.25,0,-49
"2000-11-13 12:00:00",2000,11,13,13.02,16.2,11.36,"ssp126","ACCESS-CM2","2075",318,2001,"ssp126--ACCESS-CM2--2075",TRUE,TRUE,14.61,0.16,11.8436086640149,FALSE,0.8,0,0.25,0,-48
"2000-11-14 12:00:00",2000,11,14,14.73,18.94,0,"ssp126","ACCESS-CM2","2075",319,2001,"ssp126--ACCESS-CM2--2075",FALSE,TRUE,16.835,0.16,12.6422312777725,TRUE,0.8,0,0.25,0,-47
"2000-11-15 12:00:00",2000,11,15,11.67,20.77,0.4,"ssp126","ACCESS-CM2","2075",320,2001,"ssp126--ACCESS-CM2--2075",FALSE,FALSE,16.22,0.2,13.357785022218,TRUE,0.8,0,0.25,0,-46
"2000-11-16 12:00:00",2000,11,16,10.26,18.94,0,"ssp126","ACCESS-CM2","2075",321,2001,"ssp126--ACCESS-CM2--2075",FALSE,FALSE,14.6,0.2,13.6062280177744,FALSE,0.8,0,0.25,0,-45
"2000-11-17 12:00:00",2000,11,17,6.47,18.24,0,"ssp126","ACCESS-CM2","2075",322,2001,"ssp126--ACCESS-CM2--2075",FALSE,FALSE,12.355,0.2,13.3559824142195,FALSE,0.8,0,0.25,0,-44
"2000-11-18 12:00:00",2000,11,18,7.6,16.62,3.95,"ssp126","ACCESS-CM2","2075",323,2001,"ssp126--ACCESS-CM2--2075",TRUE,TRUE,12.11,0.16,13.1566252279444,FALSE,0.8,0,0.25,0,-43
"2000-11-19 12:00:00",2000,11,19,8.04,16.37,2.98,"ssp126","ACCESS-CM2","2075",324,2001,"ssp126--ACCESS-CM2--2075",TRUE,TRUE,12.205,0.16,13.0043651914733,FALSE,0.8,0,0.25,0,-42
"2000-11-20 12:00:00",2000,11,20,11.87,19.63,0.89,"ssp126","ACCESS-CM2","2075",325,2001,"ssp126--ACCESS-CM2--2075",FALSE,TRUE,15.75,0.16,13.4436667608376,TRUE,0.8,0,0.25,0,-41
"2000-11-21 12:00:00",2000,11,21,12.44,18.37,0,"ssp126","ACCESS-CM2","2075",326,2001,"ssp126--ACCESS-CM2--2075",FALSE,FALSE,15.405,0.2,13.83593340867,TRUE,0.8,0,0.25,0,-40
"2000-11-22 12:00:00",2000,11,22,9.36,16.41,0.93,"ssp126","ACCESS-CM2","2075",327,2001,"ssp126--ACCESS-CM2--2075",FALSE,FALSE,12.885,0.2,13.645746726936,FALSE,0.8,0,0.25,0,-39
"2000-11-23 12:00:00",2000,11,23,5.58,15.19,0,"ssp126","ACCESS-CM2","2075",328,2001,"ssp126--ACCESS-CM2--2075",FALSE,FALSE,10.385,0.2,12.9935973815488,FALSE,0.8,0,0.25,0,-38
"2000-11-24 12:00:00",2000,11,24,9.68,15.1,0,"ssp126","ACCESS-CM2","2075",329,2001,"ssp126--ACCESS-CM2--2075",FALSE,FALSE,12.39,0.2,12.8728779052391,FALSE,0.9,0,0.25,0,-37
"2000-11-25 12:00:00",2000,11,25,6.79,14.11,2.41,"ssp126","ACCESS-CM2","2075",330,2001,"ssp126--ACCESS-CM2--2075",TRUE,TRUE,10.45,0.16,12.4852174404008,FALSE,0.9,0,0.25,0,-36
"2000-11-26 12:00:00",2000,11,26,4.51,9.56,2.63,"ssp126","ACCESS-CM2","2075",331,2001,"ssp126--ACCESS-CM2--2075",TRUE,TRUE,7.035,0.16,11.6131826499367,FALSE,0.9,0,0.25,0,-35
"2000-11-27 12:00:00",2000,11,27,5.57,10.62,3.79,"ssp126","ACCESS-CM2","2075",332,2001,"ssp126--ACCESS-CM2--2075",TRUE,TRUE,8.095,0.16,11.0502734259468,FALSE,0.9,0,0.25,0,-34
"2000-11-28 12:00:00",2000,11,28,7.06,13.38,0.66,"ssp126","ACCESS-CM2","2075",333,2001,"ssp126--ACCESS-CM2--2075",FALSE,TRUE,10.22,0.16,10.9174296777953,FALSE,0.9,0,0.25,0,-33
"2000-11-29 12:00:00",2000,11,29,6.47,10.55,1.55,"ssp126","ACCESS-CM2","2075",334,2001,"ssp126--ACCESS-CM2--2075",TRUE,TRUE,8.51,0.16,10.5322409293481,FALSE,0.9,0,0.25,0,-32
"2000-11-30 12:00:00",2000,11,30,7.21,14.73,1.9,"ssp126","ACCESS-CM2","2075",335,2001,"ssp126--ACCESS-CM2--2075",TRUE,TRUE,10.97,0.16,10.6022823806524,FALSE,0.9,0,0.25,0,-31
"2000-12-01 12:00:00",2000,12,1,7.34,11.78,0,"ssp126","ACCESS-CM2","2075",336,2001,"ssp126--ACCESS-CM2--2075",FALSE,TRUE,9.56,0.16,10.435517199748,FALSE,0.9,0,0.25,0,-30
"2000-12-02 12:00:00",2000,12,2,3.66,10.6,5.32,"ssp126","ACCESS-CM2","2075",337,2001,"ssp126--ACCESS-CM2--2075",TRUE,TRUE,7.13,0.16,9.90663444778832,FALSE,0.9,0,0.25,0,-29
"2000-12-03 12:00:00",2000,12,3,6.61,11.85,3.85,"ssp126","ACCESS-CM2","2075",338,2001,"ssp126--ACCESS-CM2--2075",TRUE,TRUE,9.23,0.16,9.79837293614219,FALSE,0.9,0,0.25,0,-28
"2000-12-04 12:00:00",2000,12,4,9.14,13.92,0.27,"ssp126","ACCESS-CM2","2075",339,2001,"ssp126--ACCESS-CM2--2075",FALSE,TRUE,11.53,0.16,10.0754332663594,FALSE,0.9,0,0.25,0,-27
"2000-12-05 12:00:00",2000,12,5,8.1,14.19,0,"ssp126","ACCESS-CM2","2075",340,2001,"ssp126--ACCESS-CM2--2075",FALSE,FALSE,11.145,0.2,10.2893466130876,FALSE,0.9,0,0.25,0,-26
"2000-12-06 12:00:00",2000,12,6,5.01,11.86,0,"ssp126","ACCESS-CM2","2075",341,2001,"ssp126--ACCESS-CM2--2075",FALSE,FALSE,8.435,0.2,9.91847729047004,FALSE,0.9,0,0.25,0,-25
"2000-12-07 12:00:00",2000,12,7,6.45,13.66,2.19,"ssp126","ACCESS-CM2","2075",342,2001,"ssp126--ACCESS-CM2--2075",TRUE,TRUE,10.055,0.16,9.94032092399483,FALSE,0.9,0,0.25,0,-24
"2000-12-08 12:00:00",2000,12,8,10.1,14.77,2.45,"ssp126","ACCESS-CM2","2075",343,2001,"ssp126--ACCESS-CM2--2075",TRUE,TRUE,12.435,0.16,10.3394695761557,FALSE,0.9,0,0.25,0,-23
"2000-12-09 12:00:00",2000,12,9,8.64,11.27,1.45,"ssp126","ACCESS-CM2","2075",344,2001,"ssp126--ACCESS-CM2--2075",TRUE,TRUE,9.955,0.16,10.2779544439708,FALSE,0.9,0,0.25,0,-22
"2000-12-10 12:00:00",2000,12,10,8.73,10.86,10.41,"ssp126","ACCESS-CM2","2075",345,2001,"ssp126--ACCESS-CM2--2075",TRUE,TRUE,9.795,0.16,10.2006817329354,FALSE,0.9,0,0.25,0,-21
"2000-12-11 12:00:00",2000,12,11,3.04,9.62,6.16,"ssp126","ACCESS-CM2","2075",346,2001,"ssp126--ACCESS-CM2--2075",TRUE,TRUE,6.33,0.16,9.58137265566577,FALSE,0.9,0,0.25,0,-20
"2000-12-12 12:00:00",2000,12,12,2.35,11.65,1.78,"ssp126","ACCESS-CM2","2075",347,2001,"ssp126--ACCESS-CM2--2075",TRUE,TRUE,7,0.16,9.16835303075924,FALSE,0.9,0,0.25,0,-19
"2000-12-13 12:00:00",2000,12,13,7.28,15.97,0,"ssp126","ACCESS-CM2","2075",348,2001,"ssp126--ACCESS-CM2--2075",FALSE,TRUE,11.625,0.16,9.56141654583776,FALSE,0.9,0,0.25,0,-18
"2000-12-14 12:00:00",2000,12,14,9.17,14.96,5.2,"ssp126","ACCESS-CM2","2075",349,2001,"ssp126--ACCESS-CM2--2075",TRUE,TRUE,12.065,0.16,9.96198989850372,FALSE,0.9,0,0.25,0,-17
"2000-12-15 12:00:00",2000,12,15,5.76,10.53,0,"ssp126","ACCESS-CM2","2075",350,2001,"ssp126--ACCESS-CM2--2075",FALSE,TRUE,8.145,0.16,9.67127151474313,FALSE,0.9,0,0.25,0,-16
"2000-12-16 12:00:00",2000,12,16,8.88,14.16,0,"ssp126","ACCESS-CM2","2075",351,2001,"ssp126--ACCESS-CM2--2075",FALSE,FALSE,11.52,0.2,10.0410172117945,FALSE,0.9,0,0.25,0,-15
"2000-12-17 12:00:00",2000,12,17,2.57,7.57,0,"ssp126","ACCESS-CM2","2075",352,2001,"ssp126--ACCESS-CM2--2075",FALSE,FALSE,5.07,0.2,9.0468137694356,FALSE,0.9,0,0.25,0,-14
"2000-12-18 12:00:00",2000,12,18,-3.73,4.25,0.14,"ssp126","ACCESS-CM2","2075",353,2001,"ssp126--ACCESS-CM2--2075",FALSE,FALSE,0.26,0.2,7.28945101554848,FALSE,0.9,0,0.25,0,-13
"2000-12-19 12:00:00",2000,12,19,1.86,3.58,16.49,"ssp126","ACCESS-CM2","2075",354,2001,"ssp126--ACCESS-CM2--2075",TRUE,TRUE,2.72,0.16,6.55833885306072,FALSE,0.9,0,0.25,0,-12
"2000-12-20 12:00:00",2000,12,20,2.35,3.46,2.08,"ssp126","ACCESS-CM2","2075",355,2001,"ssp126--ACCESS-CM2--2075",TRUE,TRUE,2.905,0.16,5.97380463657101,FALSE,0.9,0,0.25,0,-11
"2000-12-21 12:00:00",2000,12,21,5.26,7.38,1.6,"ssp126","ACCESS-CM2","2075",356,2001,"ssp126--ACCESS-CM2--2075",TRUE,TRUE,6.32,0.16,6.02919589471965,FALSE,0.9,0,0.25,0,-10
"2000-12-22 12:00:00",2000,12,22,0.91,6.93,2.59,"ssp126","ACCESS-CM2","2075",357,2001,"ssp126--ACCESS-CM2--2075",TRUE,TRUE,3.92,0.16,5.6917245515645,FALSE,0.9,0,0.25,0,-9
"2000-12-23 12:00:00",2000,12,23,-2.33,4.27,1.32,"ssp126","ACCESS-CM2","2075",358,2001,"ssp126--ACCESS-CM2--2075",TRUE,TRUE,0.97,0.16,4.93624862331418,FALSE,0.9,0,0.25,0,-8
"2000-12-24 12:00:00",2000,12,24,0.76,6.17,0,"ssp126","ACCESS-CM2","2075",359,2001,"ssp126--ACCESS-CM2--2075",FALSE,TRUE,3.465,0.16,4.70084884358391,FALSE,0.9,0,0.25,0,-7
"2000-12-25 12:00:00",2000,12,25,-1.07,2.28,0,"ssp126","ACCESS-CM2","2075",360,2001,"ssp126--ACCESS-CM2--2075",FALSE,FALSE,0.605,0.2,3.88167907486713,FALSE,0.9,0,0.25,0,-6
"2000-12-26 12:00:00",2000,12,26,-3.01,3.43,0.55,"ssp126","ACCESS-CM2","2075",361,2001,"ssp126--ACCESS-CM2--2075",FALSE,FALSE,0.21,0.2,3.1473432598937,FALSE,0.9,0,0.25,0,-5
"2000-12-27 12:00:00",2000,12,27,3.85,6.69,3.26,"ssp126","ACCESS-CM2","2075",362,2001,"ssp126--ACCESS-CM2--2075",TRUE,TRUE,5.27,0.16,3.48696833831071,FALSE,0.9,0,0.25,0,-4
"2000-12-28 12:00:00",2000,12,28,5.61,8.05,3.54,"ssp126","ACCESS-CM2","2075",363,2001,"ssp126--ACCESS-CM2--2075",TRUE,TRUE,6.83,0.16,4.021853404181,FALSE,0.9,0,0.25,0,-3
"2000-12-29 12:00:00",2000,12,29,3.52,6.77,5.36,"ssp126","ACCESS-CM2","2075",364,2001,"ssp126--ACCESS-CM2--2075",TRUE,TRUE,5.145,0.16,4.20155685951204,FALSE,0.9,0,0.25,0,-2
"2000-12-30 12:00:00",2000,12,30,1.87,8.22,2.52,"ssp126","ACCESS-CM2","2075",365,2001,"ssp126--ACCESS-CM2--2075",TRUE,TRUE,5.045,0.16,4.33650776199011,FALSE,0.9,0,0.25,0,-1
"2000-12-31 12:00:00",2000,12,31,3.35,6.7,9.44,"ssp126","ACCESS-CM2","2075",366,2001,"ssp126--ACCESS-CM2--2075",TRUE,TRUE,5.025,0.16,4.44666652007169,FALSE,0.9,0,0.25,0,0
"2001-01-01 12:00:00",2001,1,1,0.5,7.08,2.43,"ssp126","ACCESS-CM2","2075",1,2001,"ssp126--ACCESS-CM2--2075",TRUE,TRUE,3.79,0.16,4.34159987686022,FALSE,0.9,0,0.25,0,1
"2001-01-02 12:00:00",2001,1,2,0.92,6.38,1.05,"ssp126","ACCESS-CM2","2075",2,2001,"ssp126--ACCESS-CM2--2075",TRUE,TRUE,3.65,0.16,4.23094389656259,FALSE,0.9,0,0.25,0,2
"2001-01-03 12:00:00",2001,1,3,2.84,6.95,0,"ssp126","ACCESS-CM2","2075",3,2001,"ssp126--ACCESS-CM2--2075",FALSE,TRUE,4.895,0.16,4.33719287311257,FALSE,0.9,0,0.25,0,3
"2001-01-04 12:00:00",2001,1,4,4.19,14.21,4.25,"ssp126","ACCESS-CM2","2075",4,2001,"ssp126--ACCESS-CM2--2075",TRUE,TRUE,9.2,0.16,5.11524201341456,FALSE,0.9,0,0.25,0,4
"2001-01-05 12:00:00",2001,1,5,8.83,19.45,3.37,"ssp126","ACCESS-CM2","2075",5,2001,"ssp126--ACCESS-CM2--2075",TRUE,TRUE,14.14,0.16,6.55920329126823,FALSE,0.9,0,0.25,0,5
"2001-01-06 12:00:00",2001,1,6,6.82,11.43,2.63,"ssp126","ACCESS-CM2","2075",6,2001,"ssp126--ACCESS-CM2--2075",TRUE,TRUE,9.125,0.16,6.96973076466532,FALSE,0.9,0,0.25,0,6
"2001-01-07 12:00:00",2001,1,7,6.36,9.35,0.65,"ssp126","ACCESS-CM2","2075",7,2001,"ssp126--ACCESS-CM2--2075",FALSE,TRUE,7.855,0.16,7.11137384231886,FALSE,0.9,0,0.25,0,7
"2001-01-08 12:00:00",2001,1,8,7.67,9.95,0,"ssp126","ACCESS-CM2","2075",8,2001,"ssp126--ACCESS-CM2--2075",FALSE,FALSE,8.81,0.2,7.45109907385509,FALSE,0.9,0,0.25,0,8
"2001-01-09 12:00:00",2001,1,9,2.96,6.05,0,"ssp126","ACCESS-CM2","2075",9,2001,"ssp126--ACCESS-CM2--2075",FALSE,FALSE,4.505,0.2,6.86187925908407,FALSE,0.9,0,0.25,0,9
"2001-01-10 12:00:00",2001,1,10,-0.6,8.71,1.19,"ssp126","ACCESS-CM2","2075",10,2001,"ssp126--ACCESS-CM2--2075",TRUE,TRUE,4.055,0.16,6.41277857763062,FALSE,0.9,0,0.25,0,10
"2001-01-11 12:00:00",2001,1,11,-5.33,5.2,0,"ssp126","ACCESS-CM2","2075",11,2001,"ssp126--ACCESS-CM2--2075",FALSE,TRUE,-0.0649999999999999,0.16,5.37633400520972,FALSE,0.9,0,0.25,0,11
"2001-01-12 12:00:00",2001,1,12,-0.28,8.44,0.12,"ssp126","ACCESS-CM2","2075",12,2001,"ssp126--ACCESS-CM2--2075",FALSE,FALSE,4.08,0.2,5.11706720416778,FALSE,0.9,0,0.25,0,12
"2001-01-13 12:00:00",2001,1,13,0.44,6.32,0.65,"ssp126","ACCESS-CM2","2075",13,2001,"ssp126--ACCESS-CM2--2075",FALSE,FALSE,3.38,0.2,4.76965376333422,FALSE,0.9,0,0.25,0,13
"2001-01-14 12:00:00",2001,1,14,1.26,5.92,0,"ssp126","ACCESS-CM2","2075",14,2001,"ssp126--ACCESS-CM2--2075",FALSE,FALSE,3.59,0.2,4.53372301066738,FALSE,0.9,0,0.25,0,14
"2001-01-15 12:00:00",2001,1,15,2.88,5.28,5.48,"ssp126","ACCESS-CM2","2075",15,2001,"ssp126--ACCESS-CM2--2075",TRUE,TRUE,4.08,0.16,4.4611273289606,FALSE,0.9,0,0.25,0,15
"2001-01-16 12:00:00",2001,1,16,-2.66,2.01,2.99,"ssp126","ACCESS-CM2","2075",16,2001,"ssp126--ACCESS-CM2--2075",TRUE,TRUE,-0.325,0.16,3.6953469563269,FALSE,0.9,0,0.25,0,16
"2001-01-17 12:00:00",2001,1,17,1.9,3.92,6.55,"ssp126","ACCESS-CM2","2075",17,2001,"ssp126--ACCESS-CM2--2075",TRUE,TRUE,2.91,0.16,3.5696914433146,FALSE,0.9,0,0.25,0,17
"2001-01-18 12:00:00",2001,1,18,-2.1,-0.82,0,"ssp126","ACCESS-CM2","2075",18,2001,"ssp126--ACCESS-CM2--2075",FALSE,TRUE,-1.46,0.16,2.76494081238426,FALSE,0.9,0,0.25,0,18
"2001-01-19 12:00:00",2001,1,19,-3.49,1.66,2.57,"ssp126","ACCESS-CM2","2075",19,2001,"ssp126--ACCESS-CM2--2075",TRUE,TRUE,-0.915,0.16,2.17615028240278,FALSE,0.9,0,0.25,0,19
"2001-01-20 12:00:00",2001,1,20,-7.06,0.18,2.52,"ssp126","ACCESS-CM2","2075",20,2001,"ssp126--ACCESS-CM2--2075",TRUE,TRUE,-3.44,0.16,1.27756623721834,FALSE,0.9,0,0.25,0,20
"2001-01-21 12:00:00",2001,1,21,-10.24,-3.33,0,"ssp126","ACCESS-CM2","2075",21,2001,"ssp126--ACCESS-CM2--2075",FALSE,TRUE,-6.785,0.16,-0.0124443607365989,FALSE,0.9,0,0.25,0,21
"2001-01-22 12:00:00",2001,1,22,-14.34,-5.78,0,"ssp126","ACCESS-CM2","2075",22,2001,"ssp126--ACCESS-CM2--2075",FALSE,FALSE,-10.06,0.2,-2.02195548858928,FALSE,0.9,0,0.25,0,22
"2001-01-23 12:00:00",2001,1,23,-12.73,0.49,0.11,"ssp126","ACCESS-CM2","2075",23,2001,"ssp126--ACCESS-CM2--2075",FALSE,FALSE,-6.12,0.2,-2.84156439087142,FALSE,0.9,0,0.25,0,23
"2001-01-24 12:00:00",2001,1,24,-18.26,-3.14,5.86,"ssp126","ACCESS-CM2","2075",24,2001,"ssp126--ACCESS-CM2--2075",TRUE,TRUE,-10.7,0.16,-4.098914088332,FALSE,0.9,0,0.25,0,24
"2001-01-25 12:00:00",2001,1,25,-8.44,4.5,7.63,"ssp126","ACCESS-CM2","2075",25,2001,"ssp126--ACCESS-CM2--2075",TRUE,TRUE,-1.97,0.16,-3.75828783419888,FALSE,0.9,0,0.25,0,25
"2001-01-26 12:00:00",2001,1,26,-7.03,5.63,2.02,"ssp126","ACCESS-CM2","2075",26,2001,"ssp126--ACCESS-CM2--2075",TRUE,TRUE,-0.7,0.16,-3.26896178072706,FALSE,0.9,0,0.25,0,26
"2001-01-27 12:00:00",2001,1,27,3.94,9.05,2.27,"ssp126","ACCESS-CM2","2075",27,2001,"ssp126--ACCESS-CM2--2075",TRUE,TRUE,6.495,0.16,-1.70672789581073,FALSE,0.9,0,0.25,0,27
"2001-01-28 12:00:00",2001,1,28,-1.33,8.88,0.65,"ssp126","ACCESS-CM2","2075",28,2001,"ssp126--ACCESS-CM2--2075",FALSE,TRUE,3.775,0.16,-0.829651432481011,FALSE,0.9,0,0.25,0,28
"2001-01-29 12:00:00",2001,1,29,1.76,8.65,1.83,"ssp126","ACCESS-CM2","2075",29,2001,"ssp126--ACCESS-CM2--2075",TRUE,TRUE,5.205,0.16,0.135892796715951,FALSE,0.9,0,0.25,0,29
"2001-01-30 12:00:00",2001,1,30,5.5,8.61,0,"ssp126","ACCESS-CM2","2075",30,2001,"ssp126--ACCESS-CM2--2075",FALSE,TRUE,7.055,0.16,1.2429499492414,FALSE,0.9,0,0.25,0,30
"2001-01-31 12:00:00",2001,1,31,6.51,10.64,2.86,"ssp126","ACCESS-CM2","2075",31,2001,"ssp126--ACCESS-CM2--2075",TRUE,TRUE,8.575,0.16,2.41607795736278,FALSE,0.9,0,0.25,0,31
"2001-02-01 12:00:00",2001,2,1,2.02,6.27,0,"ssp126","ACCESS-CM2","2075",32,2001,"ssp126--ACCESS-CM2--2075",FALSE,TRUE,4.145,0.16,2.69270548418473,FALSE,0.9,0,0.25,0,32
"2001-02-02 12:00:00",2001,2,2,4.48,7.35,4.22,"ssp126","ACCESS-CM2","2075",33,2001,"ssp126--ACCESS-CM2--2075",TRUE,TRUE,5.915,0.16,3.20827260671517,FALSE,0.9,0,0.25,0,33
"2001-02-03 12:00:00",2001,2,3,2.34,8.15,0,"ssp126","ACCESS-CM2","2075",34,2001,"ssp126--ACCESS-CM2--2075",FALSE,TRUE,5.245,0.16,3.53414898964075,FALSE,0.9,0,0.25,0,34
"2001-02-04 12:00:00",2001,2,4,1.25,9.94,3.48,"ssp126","ACCESS-CM2","2075",35,2001,"ssp126--ACCESS-CM2--2075",TRUE,TRUE,5.595,0.16,3.86388515129823,FALSE,0.9,0,0.25,0,35
"2001-02-05 12:00:00",2001,2,5,1.46,12.56,1.18,"ssp126","ACCESS-CM2","2075",36,2001,"ssp126--ACCESS-CM2--2075",TRUE,TRUE,7.01,0.16,4.36726352709051,FALSE,0.9,0,0.25,0,36
"2001-02-06 12:00:00",2001,2,6,0.51,9.81,0,"ssp126","ACCESS-CM2","2075",37,2001,"ssp126--ACCESS-CM2--2075",FALSE,TRUE,5.16,0.16,4.49410136275603,FALSE,0.9,0,0.25,0,37
"2001-02-07 12:00:00",2001,2,7,-4.27,15.32,0,"ssp126","ACCESS-CM2","2075",38,2001,"ssp126--ACCESS-CM2--2075",FALSE,FALSE,5.525,0.2,4.70028109020482,FALSE,0.9,0,0.25,0,38
"2001-02-08 12:00:00",2001,2,8,6.34,16.34,5.87,"ssp126","ACCESS-CM2","2075",39,2001,"ssp126--ACCESS-CM2--2075",TRUE,TRUE,11.34,0.16,5.76263611577205,FALSE,0.9,0,0.25,0,39
"2001-02-09 12:00:00",2001,2,9,5.01,15.78,14.97,"ssp126","ACCESS-CM2","2075",40,2001,"ssp126--ACCESS-CM2--2075",TRUE,TRUE,10.395,0.16,6.50381433724852,FALSE,0.9,0,0.25,0,40
"2001-02-10 12:00:00",2001,2,10,4.32,18.62,1.12,"ssp126","ACCESS-CM2","2075",41,2001,"ssp126--ACCESS-CM2--2075",TRUE,TRUE,11.47,0.16,7.29840404328876,FALSE,0.9,0,0.25,0,41
"2001-02-11 12:00:00",2001,2,11,7.24,15.81,0,"ssp126","ACCESS-CM2","2075",42,2001,"ssp126--ACCESS-CM2--2075",FALSE,TRUE,11.525,0.16,7.97465939636256,FALSE,0.9,0,0.25,0,42
"2001-02-12 12:00:00",2001,2,12,8.38,14.4,0,"ssp126","ACCESS-CM2","2075",43,2001,"ssp126--ACCESS-CM2--2075",FALSE,FALSE,11.39,0.2,8.65772751709005,FALSE,0.9,0,0.25,0,43
"2001-02-13 12:00:00",2001,2,13,6.69,11.5,2.03,"ssp126","ACCESS-CM2","2075",44,2001,"ssp126--ACCESS-CM2--2075",TRUE,TRUE,9.095,0.16,8.72769111435564,FALSE,0.9,0,0.25,0,44
"2001-02-14 12:00:00",2001,2,14,8.36,16.72,4.21,"ssp126","ACCESS-CM2","2075",45,2001,"ssp126--ACCESS-CM2--2075",TRUE,TRUE,12.54,0.16,9.33766053605874,FALSE,0.9,0,0.25,0,45
"2001-02-15 12:00:00",2001,2,15,4.07,15.13,0,"ssp126","ACCESS-CM2","2075",46,2001,"ssp126--ACCESS-CM2--2075",FALSE,TRUE,9.6,0.16,9.37963485028934,FALSE,0.9,0,0.25,0,46
"2001-02-16 12:00:00",2001,2,16,2.2,11.66,0.43,"ssp126","ACCESS-CM2","2075",47,2001,"ssp126--ACCESS-CM2--2075",FALSE,FALSE,6.93,0.2,8.88970788023147,FALSE,0.9,0,0.25,0,47
"2001-02-17 12:00:00",2001,2,17,5.93,15.73,0,"ssp126","ACCESS-CM2","2075",48,2001,"ssp126--ACCESS-CM2--2075",FALSE,FALSE,10.83,0.2,9.27776630418518,FALSE,0.9,0,0.25,0,48
"2001-02-18 12:00:00",2001,2,18,8.63,17.76,0,"ssp126","ACCESS-CM2","2075",49,2001,"ssp126--ACCESS-CM2--2075",FALSE,FALSE,13.195,0.2,10.0612130433481,FALSE,0.9,0,0.25,0,49
"2001-02-19 12:00:00",2001,2,19,9.77,16.6,1.69,"ssp126","ACCESS-CM2","2075",50,2001,"ssp126--ACCESS-CM2--2075",TRUE,TRUE,13.185,0.16,10.5610189564124,FALSE,0.9,0,0.25,0,50
"2001-02-20 12:00:00",2001,2,20,9.89,18.82,18.81,"ssp126","ACCESS-CM2","2075",51,2001,"ssp126--ACCESS-CM2--2075",TRUE,TRUE,14.355,0.16,11.1680559233864,FALSE,0.9,0,0.25,0,51
"2001-02-21 12:00:00",2001,2,21,6.04,17.53,5.02,"ssp126","ACCESS-CM2","2075",52,2001,"ssp126--ACCESS-CM2--2075",TRUE,TRUE,11.785,0.16,11.2667669756446,FALSE,0.9,0,0.25,0,52
"2001-02-22 12:00:00",2001,2,22,2.78,12.23,0,"ssp126","ACCESS-CM2","2075",53,2001,"ssp126--ACCESS-CM2--2075",FALSE,TRUE,7.505,0.16,10.6648842595415,FALSE,0.9,0,0.25,0,53
"2001-02-23 12:00:00",2001,2,23,5.99,14.93,0,"ssp126","ACCESS-CM2","2075",54,2001,"ssp126--ACCESS-CM2--2075",FALSE,FALSE,10.46,0.2,10.6239074076332,FALSE,0.9,0,0.25,0,54
"2001-02-24 12:00:00",2001,2,24,5.47,14.29,5.17,"ssp126","ACCESS-CM2","2075",55,2001,"ssp126--ACCESS-CM2--2075",TRUE,TRUE,9.88,0.16,10.5048822224119,FALSE,0.9,0,0.25,0,55
"2001-02-25 12:00:00",2001,2,25,4.23,17.47,4.15,"ssp126","ACCESS-CM2","2075",56,2001,"ssp126--ACCESS-CM2--2075",TRUE,TRUE,10.85,0.16,10.560101066826,FALSE,0.9,0,0.25,0,56
"2001-02-26 12:00:00",2001,2,26,6.35,13.77,4.82,"ssp126","ACCESS-CM2","2075",57,2001,"ssp126--ACCESS-CM2--2075",TRUE,TRUE,10.06,0.16,10.4800848961338,FALSE,0.9,0,0.25,0,57
"2001-02-27 12:00:00",2001,2,27,9.1,11.66,1.92,"ssp126","ACCESS-CM2","2075",58,2001,"ssp126--ACCESS-CM2--2075",TRUE,TRUE,10.38,0.16,10.4640713127524,FALSE,0.9,0,0.25,0,58
"2001-02-28 12:00:00",2001,2,28,2.09,11.02,0,"ssp126","ACCESS-CM2","2075",59,2001,"ssp126--ACCESS-CM2--2075",FALSE,TRUE,6.555,0.16,9.83861990271202,FALSE,0.9,0,0.25,0,59
"2001-03-01 12:00:00",2001,3,1,2.32,8.76,0,"ssp126","ACCESS-CM2","2075",60,2001,"ssp126--ACCESS-CM2--2075",FALSE,FALSE,5.54,0.2,8.97889592216962,FALSE,0.9,0,0.25,0,60
"2001-03-02 12:00:00",2001,3,2,3.78,10.07,5.02,"ssp126","ACCESS-CM2","2075",61,2001,"ssp126--ACCESS-CM2--2075",TRUE,TRUE,6.925,0.16,8.65027257462248,FALSE,0.9,0,0.25,0,61
"2001-03-03 12:00:00",2001,3,3,-2.56,10.17,0,"ssp126","ACCESS-CM2","2075",62,2001,"ssp126--ACCESS-CM2--2075",FALSE,TRUE,3.805,0.16,7.87502896268288,FALSE,0.9,0,0.25,0,62
"2001-03-04 12:00:00",2001,3,4,0.53,5.76,5.07,"ssp126","ACCESS-CM2","2075",63,2001,"ssp126--ACCESS-CM2--2075",TRUE,TRUE,3.145,0.16,7.11822432865362,FALSE,0.9,0,0.25,0,63
"2001-03-05 12:00:00",2001,3,5,-4.25,7.12,13.61,"ssp126","ACCESS-CM2","2075",64,2001,"ssp126--ACCESS-CM2--2075",TRUE,TRUE,1.435,0.16,6.20890843606904,FALSE,0.9,0,0.25,0,64
"2001-03-06 12:00:00",2001,3,6,-3.6,5.49,6.07,"ssp126","ACCESS-CM2","2075",65,2001,"ssp126--ACCESS-CM2--2075",TRUE,TRUE,0.945,0.16,5.36668308629799,FALSE,0.9,0,0.25,0,65
"2001-03-07 12:00:00",2001,3,7,2.74,5.63,0,"ssp126","ACCESS-CM2","2075",66,2001,"ssp126--ACCESS-CM2--2075",FALSE,TRUE,4.185,0.16,5.17761379249032,FALSE,0.9,0,0.25,0,66
"2001-03-08 12:00:00",2001,3,8,5.51,10.09,0,"ssp126","ACCESS-CM2","2075",67,2001,"ssp126--ACCESS-CM2--2075",FALSE,FALSE,7.8,0.2,5.70209103399225,FALSE,0.9,0,0.25,0,67
"2001-03-09 12:00:00",2001,3,9,0.6,8.8,0.24,"ssp126","ACCESS-CM2","2075",68,2001,"ssp126--ACCESS-CM2--2075",FALSE,FALSE,4.7,0.2,5.5016728271938,FALSE,0.9,0,0.25,0,68
"2001-03-10 12:00:00",2001,3,10,3.7,10.33,0,"ssp126","ACCESS-CM2","2075",69,2001,"ssp126--ACCESS-CM2--2075",FALSE,FALSE,7.015,0.2,5.80433826175504,FALSE,0.9,0,0.25,0,69
"2001-03-11 12:00:00",2001,3,11,0.68,9.22,0,"ssp126","ACCESS-CM2","2075",70,2001,"ssp126--ACCESS-CM2--2075",FALSE,FALSE,4.95,0.2,5.63347060940403,FALSE,1,0,0.25,0,70
"2001-03-12 12:00:00",2001,3,12,1.89,9.71,0,"ssp126","ACCESS-CM2","2075",71,2001,"ssp126--ACCESS-CM2--2075",FALSE,FALSE,5.8,0.2,5.66677648752323,FALSE,1.05,0,0.25,0,71
"2001-03-13 12:00:00",2001,3,13,1.31,12.79,10.2,"ssp126","ACCESS-CM2","2075",72,2001,"ssp126--ACCESS-CM2--2075",TRUE,TRUE,7.05,0.16,5.88809224951951,FALSE,1.05,0,0.25,0,72
"2001-03-14 12:00:00",2001,3,14,3.76,9.11,6.89,"ssp126","ACCESS-CM2","2075",73,2001,"ssp126--ACCESS-CM2--2075",TRUE,TRUE,6.435,0.16,5.97559748959639,FALSE,1.05,0,0.25,0,73
"2001-03-15 12:00:00",2001,3,15,3.12,13.2,1.29,"ssp126","ACCESS-CM2","2075",74,2001,"ssp126--ACCESS-CM2--2075",TRUE,TRUE,8.16,0.16,6.32510189126097,FALSE,1.05,0,0.25,0,74
"2001-03-16 12:00:00",2001,3,16,8,13.36,8.05,"ssp126","ACCESS-CM2","2075",75,2001,"ssp126--ACCESS-CM2--2075",TRUE,TRUE,10.68,0.16,7.02188558865921,FALSE,1.05,0,0.25,0,75
"2001-03-17 12:00:00",2001,3,17,5.88,10.46,12,"ssp126","ACCESS-CM2","2075",76,2001,"ssp126--ACCESS-CM2--2075",TRUE,TRUE,8.17,0.16,7.20558389447374,FALSE,1.05,0,0.25,0,76
"2001-03-18 12:00:00",2001,3,18,4.03,9.27,7.36,"ssp126","ACCESS-CM2","2075",77,2001,"ssp126--ACCESS-CM2--2075",TRUE,TRUE,6.65,0.16,7.11669047135794,FALSE,1.05,0,0.25,0,77
"2001-03-19 12:00:00",2001,3,19,-1.98,12.92,0,"ssp126","ACCESS-CM2","2075",78,2001,"ssp126--ACCESS-CM2--2075",FALSE,TRUE,5.47,0.16,6.85321999594067,FALSE,1.05,0,0.25,0,78
"2001-03-20 12:00:00",2001,3,20,-0.95,11.86,0,"ssp126","ACCESS-CM2","2075",79,2001,"ssp126--ACCESS-CM2--2075",FALSE,FALSE,5.455,0.2,6.57357599675254,FALSE,1.05,0,0.25,0,79
"2001-03-21 12:00:00",2001,3,21,1.32,10.25,3.81,"ssp126","ACCESS-CM2","2075",80,2001,"ssp126--ACCESS-CM2--2075",TRUE,TRUE,5.785,0.16,6.44740383727213,FALSE,1.05,0,0.25,0,80
"2001-03-22 12:00:00",2001,3,22,1.98,13.35,1.29,"ssp126","ACCESS-CM2","2075",81,2001,"ssp126--ACCESS-CM2--2075",TRUE,TRUE,7.665,0.16,6.64221922330859,FALSE,1.05,0,0.25,0,81
"2001-03-23 12:00:00",2001,3,23,6.66,15.46,2.01,"ssp126","ACCESS-CM2","2075",82,2001,"ssp126--ACCESS-CM2--2075",TRUE,TRUE,11.06,0.16,7.34906414757921,FALSE,1.05,0,0.25,0,82
"2001-03-24 12:00:00",2001,3,24,4.77,17.42,0,"ssp126","ACCESS-CM2","2075",83,2001,"ssp126--ACCESS-CM2--2075",FALSE,TRUE,11.095,0.16,7.94841388396654,FALSE,1.05,0,0.25,0,83
"2001-03-25 12:00:00",2001,3,25,2.87,14.41,0,"ssp126","ACCESS-CM2","2075",84,2001,"ssp126--ACCESS-CM2--2075",FALSE,FALSE,8.64,0.2,8.08673110717323,FALSE,1.05,0,0.25,0,84
"2001-03-26 12:00:00",2001,3,26,7.46,16.14,0,"ssp126","ACCESS-CM2","2075",85,2001,"ssp126--ACCESS-CM2--2075",FALSE,FALSE,11.8,0.2,8.82938488573859,FALSE,1.05,0,0.25,0,85
"2001-03-27 12:00:00",2001,3,27,5.95,12.15,0.48,"ssp126","ACCESS-CM2","2075",86,2001,"ssp126--ACCESS-CM2--2075",FALSE,FALSE,9.05,0.2,8.87350790859087,FALSE,1.05,0,0.25,0,86
"2001-03-28 12:00:00",2001,3,28,-0.87,18.21,0,"ssp126","ACCESS-CM2","2075",87,2001,"ssp126--ACCESS-CM2--2075",FALSE,FALSE,8.67,0.2,8.83280632687269,FALSE,1.15,0,0.25,0,87
"2001-03-29 12:00:00",2001,3,29,-0.22,13.53,0,"ssp126","ACCESS-CM2","2075",88,2001,"ssp126--ACCESS-CM2--2075",FALSE,FALSE,6.655,0.2,8.39724506149816,FALSE,1.2,0,0.25,0,88
"2001-03-30 12:00:00",2001,3,30,-3.34,17.47,0.36,"ssp126","ACCESS-CM2","2075",89,2001,"ssp126--ACCESS-CM2--2075",FALSE,FALSE,7.065,0.2,8.13079604919852,FALSE,1.25,0,0.25,0,89
"2001-03-31 12:00:00",2001,3,31,-2.92,19.16,0.24,"ssp126","ACCESS-CM2","2075",90,2001,"ssp126--ACCESS-CM2--2075",FALSE,FALSE,8.12,0.2,8.12863683935882,FALSE,1.3,0,0.25,0,90
"2001-04-01 12:00:00",2001,4,1,-0.57,21.27,0,"ssp126","ACCESS-CM2","2075",91,2001,"ssp126--ACCESS-CM2--2075",FALSE,FALSE,10.35,0.2,8.57290947148705,FALSE,1.35,0,0.25,0,91
"2001-04-02 12:00:00",2001,4,2,6.87,19.2,13.06,"ssp126","ACCESS-CM2","2075",92,2001,"ssp126--ACCESS-CM2--2075",TRUE,TRUE,13.035,0.16,9.28684395604913,FALSE,1.35,0,0.25,0,92
"2001-04-03 12:00:00",2001,4,3,4.66,20.44,0.51,"ssp126","ACCESS-CM2","2075",93,2001,"ssp126--ACCESS-CM2--2075",FALSE,TRUE,12.55,0.16,9.80894892308127,FALSE,1.35,0,0.25,0,93
"2001-04-04 12:00:00",2001,4,4,5.94,20.39,0.7,"ssp126","ACCESS-CM2","2075",94,2001,"ssp126--ACCESS-CM2--2075",FALSE,FALSE,13.165,0.2,10.480159138465,FALSE,1.35,0,0.25,0,94
"2001-04-05 12:00:00",2001,4,5,5.94,14.21,4.36,"ssp126","ACCESS-CM2","2075",95,2001,"ssp126--ACCESS-CM2--2075",TRUE,TRUE,10.075,0.16,10.4153336763106,FALSE,1.35,0,0.25,0,95
"2001-04-06 12:00:00",2001,4,6,5.43,14.37,5.15,"ssp126","ACCESS-CM2","2075",96,2001,"ssp126--ACCESS-CM2--2075",TRUE,TRUE,9.9,0.16,10.3328802881009,FALSE,1.35,0,0.25,0,96
"2001-04-07 12:00:00",2001,4,7,8.07,11.21,0,"ssp126","ACCESS-CM2","2075",97,2001,"ssp126--ACCESS-CM2--2075",FALSE,TRUE,9.64,0.16,10.2220194420048,FALSE,1.35,0,0.25,0,97
"2001-04-08 12:00:00",2001,4,8,5.67,11.66,0,"ssp126","ACCESS-CM2","2075",98,2001,"ssp126--ACCESS-CM2--2075",FALSE,FALSE,8.665,0.2,9.91061555360381,FALSE,1.35,0,0.25,0,98
"2001-04-09 12:00:00",2001,4,9,3.09,9.38,4.78,"ssp126","ACCESS-CM2","2075",99,2001,"ssp126--ACCESS-CM2--2075",TRUE,TRUE,6.235,0.16,9.3225170650272,FALSE,1.35,0,0.25,0,99
"2001-04-10 12:00:00",2001,4,10,-0.23,13.51,5.7,"ssp126","ACCESS-CM2","2075",100,2001,"ssp126--ACCESS-CM2--2075",TRUE,TRUE,6.64,0.16,8.89331433462285,FALSE,1.35,0,0.25,0,100
"2001-04-11 12:00:00",2001,4,11,0.43,13.28,1.71,"ssp126","ACCESS-CM2","2075",101,2001,"ssp126--ACCESS-CM2--2075",TRUE,TRUE,6.855,0.16,8.56718404108319,FALSE,1.35,0,0.25,0,101
"2001-04-12 12:00:00",2001,4,12,5.8,10.34,0,"ssp126","ACCESS-CM2","2075",102,2001,"ssp126--ACCESS-CM2--2075",FALSE,TRUE,8.07,0.16,8.48763459450988,FALSE,1.35,0,0.25,0,102
"2001-04-13 12:00:00",2001,4,13,5.78,13.24,0.25,"ssp126","ACCESS-CM2","2075",103,2001,"ssp126--ACCESS-CM2--2075",FALSE,FALSE,9.51,0.2,8.69210767560791,FALSE,1.35,0,0.25,0,103
"2001-04-14 12:00:00",2001,4,14,3.75,12.72,0,"ssp126","ACCESS-CM2","2075",104,2001,"ssp126--ACCESS-CM2--2075",FALSE,FALSE,8.235,0.2,8.60068614048632,FALSE,1.35,0,0.25,0,104
"2001-04-15 12:00:00",2001,4,15,-3.32,15.09,1.83,"ssp126","ACCESS-CM2","2075",105,2001,"ssp126--ACCESS-CM2--2075",TRUE,TRUE,5.885,0.16,8.16617635800851,FALSE,1.35,0,0.25,0,105
"2001-04-16 12:00:00",2001,4,16,-1.22,13.34,2.17,"ssp126","ACCESS-CM2","2075",106,2001,"ssp126--ACCESS-CM2--2075",TRUE,TRUE,6.06,0.16,7.82918814072715,FALSE,1.35,0,0.25,0,106
"2001-04-17 12:00:00",2001,4,17,3.24,14.61,0,"ssp126","ACCESS-CM2","2075",107,2001,"ssp126--ACCESS-CM2--2075",FALSE,TRUE,8.925,0.16,8.00451803821081,FALSE,1.35,0,0.25,0,107
"2001-04-18 12:00:00",2001,4,18,5.45,24.52,0.23,"ssp126","ACCESS-CM2","2075",108,2001,"ssp126--ACCESS-CM2--2075",FALSE,FALSE,14.985,0.2,9.40061443056864,FALSE,1.35,0,0.25,0,108
"2001-04-19 12:00:00",2001,4,19,11.04,28.98,1.26,"ssp126","ACCESS-CM2","2075",109,2001,"ssp126--ACCESS-CM2--2075",TRUE,TRUE,20.01,0.16,11.0981161216777,TRUE,1.35,0,0.25,0,109
"2001-04-20 12:00:00",2001,4,20,13.91,27.55,14.53,"ssp126","ACCESS-CM2","2075",110,2001,"ssp126--ACCESS-CM2--2075",TRUE,TRUE,20.73,0.16,12.6392175422092,FALSE,1.35,0,0.25,0,110
"2001-04-21 12:00:00",2001,4,21,17.28,28.51,0,"ssp126","ACCESS-CM2","2075",111,2001,"ssp126--ACCESS-CM2--2075",FALSE,TRUE,22.895,0.16,14.2801427354558,TRUE,1.35,0,0.25,0,111
"2001-04-22 12:00:00",2001,4,22,14.09,23.29,0.45,"ssp126","ACCESS-CM2","2075",112,2001,"ssp126--ACCESS-CM2--2075",FALSE,FALSE,18.69,0.2,15.1621141883646,TRUE,1.35,0,0.25,0,112
"2001-04-23 12:00:00",2001,4,23,9.44,15.52,7.09,"ssp126","ACCESS-CM2","2075",113,2001,"ssp126--ACCESS-CM2--2075",TRUE,TRUE,12.48,0.16,14.7329759182263,FALSE,1.35,0,0.25,0,113
"2001-04-24 12:00:00",2001,4,24,9.78,14.05,5.77,"ssp126","ACCESS-CM2","2075",114,2001,"ssp126--ACCESS-CM2--2075",TRUE,TRUE,11.915,0.16,14.2820997713101,FALSE,1.35,0,0.25,0,114
"2001-04-25 12:00:00",2001,4,25,10.52,17.35,0,"ssp126","ACCESS-CM2","2075",115,2001,"ssp126--ACCESS-CM2--2075",FALSE,TRUE,13.935,0.16,14.2265638079005,FALSE,1.35,0,0.25,0,115
"2001-04-26 12:00:00",2001,4,26,6.62,17.38,0,"ssp126","ACCESS-CM2","2075",116,2001,"ssp126--ACCESS-CM2--2075",FALSE,FALSE,12,0.2,13.7812510463204,FALSE,1.35,0,0.25,0,116
"2001-04-27 12:00:00",2001,4,27,6.25,13.49,0.34,"ssp126","ACCESS-CM2","2075",117,2001,"ssp126--ACCESS-CM2--2075",FALSE,FALSE,9.87,0.2,12.9990008370563,FALSE,1.35,0,0.25,0,117
"2001-04-28 12:00:00",2001,4,28,0.43,17.95,0,"ssp126","ACCESS-CM2","2075",118,2001,"ssp126--ACCESS-CM2--2075",FALSE,FALSE,9.19,0.2,12.237200669645,FALSE,1.35,0,0.25,0,118
"2001-04-29 12:00:00",2001,4,29,3.15,21.71,0,"ssp126","ACCESS-CM2","2075",119,2001,"ssp126--ACCESS-CM2--2075",FALSE,FALSE,12.43,0.2,12.275760535716,FALSE,1.45,0,0.25,0,119
"2001-04-30 12:00:00",2001,4,30,5.7,17.71,0.51,"ssp126","ACCESS-CM2","2075",120,2001,"ssp126--ACCESS-CM2--2075",FALSE,FALSE,11.705,0.2,12.1616084285728,FALSE,1.5,0,0.25,0,120
"2001-05-01 12:00:00",2001,5,1,6.56,16.7,0,"ssp126","ACCESS-CM2","2075",121,2001,"ssp126--ACCESS-CM2--2075",FALSE,FALSE,11.63,0.2,12.0552867428583,FALSE,1.55,0,0.25,0,121
"2001-05-02 12:00:00",2001,5,2,12.24,20.09,0,"ssp126","ACCESS-CM2","2075",122,2001,"ssp126--ACCESS-CM2--2075",FALSE,FALSE,16.165,0.2,12.8772293942866,TRUE,1.6,0,0.25,0,122
"2001-05-03 12:00:00",2001,5,3,8.66,17.61,1.21,"ssp126","ACCESS-CM2","2075",123,2001,"ssp126--ACCESS-CM2--2075",TRUE,TRUE,13.135,0.16,12.9184726912007,FALSE,1.6,0,0.25,0,123
"2001-05-04 12:00:00",2001,5,4,11.79,21.04,6.03,"ssp126","ACCESS-CM2","2075",124,2001,"ssp126--ACCESS-CM2--2075",TRUE,TRUE,16.415,0.16,13.4779170606086,TRUE,1.6,0,0.25,0,124
"2001-05-05 12:00:00",2001,5,5,8.72,19.21,3.82,"ssp126","ACCESS-CM2","2075",125,2001,"ssp126--ACCESS-CM2--2075",TRUE,TRUE,13.965,0.16,13.5558503309112,FALSE,1.6,0,0.25,0,125
"2001-05-06 12:00:00",2001,5,6,7.76,24.2,2.02,"ssp126","ACCESS-CM2","2075",126,2001,"ssp126--ACCESS-CM2--2075",TRUE,TRUE,15.98,0.16,13.9437142779654,TRUE,1.6,0,0.25,0,126
"2001-05-07 12:00:00",2001,5,7,5.3,23.1,0.81,"ssp126","ACCESS-CM2","2075",127,2001,"ssp126--ACCESS-CM2--2075",FALSE,TRUE,14.2,0.16,13.984719993491,FALSE,1.6,0,0.25,0,127
"2001-05-08 12:00:00",2001,5,8,6.39,21.62,30.37,"ssp126","ACCESS-CM2","2075",128,2001,"ssp126--ACCESS-CM2--2075",TRUE,TRUE,14.005,0.16,13.9879647945324,FALSE,1.6,0,0.25,0.1,128
"2001-05-09 12:00:00",2001,5,9,9.65,24.87,0,"ssp126","ACCESS-CM2","2075",129,2001,"ssp126--ACCESS-CM2--2075",FALSE,TRUE,17.26,0.16,14.5114904274072,TRUE,1.6,0,0.25,0.1,129
"2001-05-10 12:00:00",2001,5,10,12.24,27.07,2.19,"ssp126","ACCESS-CM2","2075",130,2001,"ssp126--ACCESS-CM2--2075",TRUE,TRUE,19.655,0.16,15.3344519590221,TRUE,1.6,0,0.25,0.1,130
"2001-05-11 12:00:00",2001,5,11,10.27,18.67,3.25,"ssp126","ACCESS-CM2","2075",131,2001,"ssp126--ACCESS-CM2--2075",TRUE,TRUE,14.47,0.16,15.1961396455785,FALSE,1.6,0,0.25,0.1,131
"2001-05-12 12:00:00",2001,5,12,10.95,22.24,0,"ssp126","ACCESS-CM2","2075",132,2001,"ssp126--ACCESS-CM2--2075",FALSE,TRUE,16.595,0.16,15.419957302286,TRUE,1.6,0,0.25,0.1,132
"2001-05-13 12:00:00",2001,5,13,9.99,17.71,7.53,"ssp126","ACCESS-CM2","2075",133,2001,"ssp126--ACCESS-CM2--2075",TRUE,TRUE,13.85,0.16,15.1687641339202,FALSE,1.6,0,0.25,0.1,133
"2001-05-14 12:00:00",2001,5,14,10.98,20.03,10.14,"ssp126","ACCESS-CM2","2075",134,2001,"ssp126--ACCESS-CM2--2075",TRUE,TRUE,15.505,0.16,15.222561872493,FALSE,1.6,0,0.25,0.1,134
"2001-05-15 12:00:00",2001,5,15,9.13,18.46,24.97,"ssp126","ACCESS-CM2","2075",135,2001,"ssp126--ACCESS-CM2--2075",TRUE,TRUE,13.795,0.16,14.9941519728941,FALSE,1.6,0,0.25,0.1,135
"2001-05-16 12:00:00",2001,5,16,8.19,24.96,0,"ssp126","ACCESS-CM2","2075",136,2001,"ssp126--ACCESS-CM2--2075",FALSE,TRUE,16.575,0.16,15.2470876572311,TRUE,1.6,0,0.25,0.1,136
"2001-05-17 12:00:00",2001,5,17,5.35,25.24,0,"ssp126","ACCESS-CM2","2075",137,2001,"ssp126--ACCESS-CM2--2075",FALSE,FALSE,15.295,0.2,15.2566701257848,TRUE,1.6,0,0.25,0.1,137
"2001-05-18 12:00:00",2001,5,18,9.77,27.53,0,"ssp126","ACCESS-CM2","2075",138,2001,"ssp126--ACCESS-CM2--2075",FALSE,FALSE,18.65,0.2,15.9353361006279,TRUE,1.6,0,0.25,0.1,138
"2001-05-19 12:00:00",2001,5,19,13.38,19.14,1.75,"ssp126","ACCESS-CM2","2075",139,2001,"ssp126--ACCESS-CM2--2075",TRUE,TRUE,16.26,0.16,15.9872823245274,TRUE,1.6,0,0.25,0.1,139
"2001-05-20 12:00:00",2001,5,20,14.29,19.33,0,"ssp126","ACCESS-CM2","2075",140,2001,"ssp126--ACCESS-CM2--2075",FALSE,TRUE,16.81,0.16,16.118917152603,TRUE,1.6,0,0.25,0.1,140
"2001-05-21 12:00:00",2001,5,21,11.06,17.74,0,"ssp126","ACCESS-CM2","2075",141,2001,"ssp126--ACCESS-CM2--2075",FALSE,FALSE,14.4,0.2,15.7751337220824,FALSE,1.6,0,0.25,0.1,141
"2001-05-22 12:00:00",2001,5,22,8.5,25.57,1.91,"ssp126","ACCESS-CM2","2075",142,2001,"ssp126--ACCESS-CM2--2075",TRUE,TRUE,17.035,0.16,15.9767123265492,TRUE,1.6,0,0.25,0.1,142
"2001-05-23 12:00:00",2001,5,23,14.39,23.3,0,"ssp126","ACCESS-CM2","2075",143,2001,"ssp126--ACCESS-CM2--2075",FALSE,TRUE,18.845,0.16,16.4356383543014,TRUE,1.6,0,0.25,0.1,143
"2001-05-24 12:00:00",2001,5,24,17.17,20.89,0,"ssp126","ACCESS-CM2","2075",144,2001,"ssp126--ACCESS-CM2--2075",FALSE,FALSE,19.03,0.2,16.9545106834411,TRUE,1.6,0,0.25,0.1,144
"2001-05-25 12:00:00",2001,5,25,13.92,21.73,0,"ssp126","ACCESS-CM2","2075",145,2001,"ssp126--ACCESS-CM2--2075",FALSE,FALSE,17.825,0.2,17.1286085467529,TRUE,1.6,0,0.25,0.1,145
"2001-05-26 12:00:00",2001,5,26,17.18,27.38,6.37,"ssp126","ACCESS-CM2","2075",146,2001,"ssp126--ACCESS-CM2--2075",TRUE,TRUE,22.28,0.16,17.9528311792724,TRUE,1.6,0,0.25,0.1,146
"2001-05-27 12:00:00",2001,5,27,12.81,20.82,8.23,"ssp126","ACCESS-CM2","2075",147,2001,"ssp126--ACCESS-CM2--2075",TRUE,TRUE,16.815,0.16,17.7707781905888,TRUE,1.6,0,0.25,0.1,147
"2001-05-28 12:00:00",2001,5,28,14.06,17.86,18.58,"ssp126","ACCESS-CM2","2075",148,2001,"ssp126--ACCESS-CM2--2075",TRUE,TRUE,15.96,0.16,17.4810536800946,FALSE,1.6,0,0.25,0.1,148
"2001-05-29 12:00:00",2001,5,29,11.97,16.1,6.71,"ssp126","ACCESS-CM2","2075",149,2001,"ssp126--ACCESS-CM2--2075",TRUE,TRUE,14.035,0.16,16.9296850912795,FALSE,1.6,0,0.25,0.1,149
"2001-05-30 12:00:00",2001,5,30,9.82,21.45,2.57,"ssp126","ACCESS-CM2","2075",150,2001,"ssp126--ACCESS-CM2--2075",TRUE,TRUE,15.635,0.16,16.7225354766748,TRUE,1.6,0,0.25,0.1,150
"2001-05-31 12:00:00",2001,5,31,8.29,24.22,4.21,"ssp126","ACCESS-CM2","2075",151,2001,"ssp126--ACCESS-CM2--2075",TRUE,TRUE,16.255,0.16,16.6477298004068,TRUE,1.6,0,0.25,0.1,151
"2001-06-01 12:00:00",2001,6,1,12.18,21.23,8.42,"ssp126","ACCESS-CM2","2075",152,2001,"ssp126--ACCESS-CM2--2075",TRUE,TRUE,16.705,0.16,16.6568930323417,TRUE,1.6,0,0.25,0.1,152
"2001-06-02 12:00:00",2001,6,2,7.46,21.29,1.91,"ssp126","ACCESS-CM2","2075",153,2001,"ssp126--ACCESS-CM2--2075",TRUE,TRUE,14.375,0.16,16.291790147167,FALSE,1.6,0,0.25,0.1,153
"2001-06-03 12:00:00",2001,6,3,8.6,20.28,6.32,"ssp126","ACCESS-CM2","2075",154,2001,"ssp126--ACCESS-CM2--2075",TRUE,TRUE,14.44,0.16,15.9955037236203,FALSE,1.6,0,0.25,0.1,154
"2001-06-04 12:00:00",2001,6,4,8.4,16.74,28.77,"ssp126","ACCESS-CM2","2075",155,2001,"ssp126--ACCESS-CM2--2075",TRUE,TRUE,12.57,0.16,15.4474231278411,FALSE,1.6,0,0.25,0.1,155
"2001-06-05 12:00:00",2001,6,5,8.16,19.98,31.33,"ssp126","ACCESS-CM2","2075",156,2001,"ssp126--ACCESS-CM2--2075",TRUE,TRUE,14.07,0.16,15.2270354273865,FALSE,1.6,0,0.25,0.2,156
"2001-06-06 12:00:00",2001,6,6,7.89,21.27,0,"ssp126","ACCESS-CM2","2075",157,2001,"ssp126--ACCESS-CM2--2075",FALSE,TRUE,14.58,0.16,15.1235097590047,FALSE,1.6,0,0.25,0.2,157
"2001-06-07 12:00:00",2001,6,7,8.58,18.49,0,"ssp126","ACCESS-CM2","2075",158,2001,"ssp126--ACCESS-CM2--2075",FALSE,FALSE,13.535,0.2,14.8058078072037,FALSE,1.6,0,0.25,0.2,158
"2001-06-08 12:00:00",2001,6,8,9.55,17.88,5.56,"ssp126","ACCESS-CM2","2075",159,2001,"ssp126--ACCESS-CM2--2075",TRUE,TRUE,13.715,0.16,14.6312785580511,FALSE,1.6,0,0.25,0.2,159
"2001-06-09 12:00:00",2001,6,9,9.78,17.38,2.48,"ssp126","ACCESS-CM2","2075",160,2001,"ssp126--ACCESS-CM2--2075",TRUE,TRUE,13.58,0.16,14.4630739887629,FALSE,1.6,0,0.25,0.2,160
"2001-06-10 12:00:00",2001,6,10,11.23,18.43,0,"ssp126","ACCESS-CM2","2075",161,2001,"ssp126--ACCESS-CM2--2075",FALSE,TRUE,14.83,0.16,14.5217821505609,FALSE,1.6,0,0.25,0.2,161
"2001-06-11 12:00:00",2001,6,11,13.65,20.89,0,"ssp126","ACCESS-CM2","2075",162,2001,"ssp126--ACCESS-CM2--2075",FALSE,FALSE,17.27,0.2,15.0714257204487,TRUE,1.6,0,0.25,0.2,162
"2001-06-12 12:00:00",2001,6,12,11.95,23.74,0.41,"ssp126","ACCESS-CM2","2075",163,2001,"ssp126--ACCESS-CM2--2075",FALSE,FALSE,17.845,0.2,15.626140576359,TRUE,1.6,0,0.25,0.2,163
"2001-06-13 12:00:00",2001,6,13,10.44,26,3.83,"ssp126","ACCESS-CM2","2075",164,2001,"ssp126--ACCESS-CM2--2075",TRUE,TRUE,18.22,0.16,16.0411580841415,TRUE,1.6,0,0.25,0.2,164
"2001-06-14 12:00:00",2001,6,14,10.63,25.82,0,"ssp126","ACCESS-CM2","2075",165,2001,"ssp126--ACCESS-CM2--2075",FALSE,TRUE,18.225,0.16,16.3905727906789,TRUE,1.6,0,0.25,0.2,165
"2001-06-15 12:00:00",2001,6,15,15.75,28.37,0,"ssp126","ACCESS-CM2","2075",166,2001,"ssp126--ACCESS-CM2--2075",FALSE,FALSE,22.06,0.2,17.5244582325431,TRUE,1.6,0,0.25,0.2,166
"2001-06-16 12:00:00",2001,6,16,14.41,28.03,0,"ssp126","ACCESS-CM2","2075",167,2001,"ssp126--ACCESS-CM2--2075",FALSE,FALSE,21.22,0.2,18.2635665860345,TRUE,1.6,0,0.25,0.2,167
"2001-06-17 12:00:00",2001,6,17,15.64,30.42,10.3,"ssp126","ACCESS-CM2","2075",168,2001,"ssp126--ACCESS-CM2--2075",TRUE,TRUE,23.03,0.16,19.026195932269,FALSE,1.6,0,0.25,0.2,168
"2001-06-18 12:00:00",2001,6,18,20.09,29.28,0,"ssp126","ACCESS-CM2","2075",169,2001,"ssp126--ACCESS-CM2--2075",FALSE,TRUE,24.685,0.16,19.9316045831059,TRUE,1.6,0,0.25,0.2,169
"2001-06-19 12:00:00",2001,6,19,18.4,30.08,1.19,"ssp126","ACCESS-CM2","2075",170,2001,"ssp126--ACCESS-CM2--2075",TRUE,TRUE,24.24,0.16,20.620947849809,TRUE,1.6,0,0.25,0.2,170
"2001-06-20 12:00:00",2001,6,20,17.87,33.19,0,"ssp126","ACCESS-CM2","2075",171,2001,"ssp126--ACCESS-CM2--2075",FALSE,TRUE,25.53,0.16,21.4063961938395,TRUE,1.6,0,0.25,0.2,171
"2001-06-21 12:00:00",2001,6,21,23.4,33.65,0.66,"ssp126","ACCESS-CM2","2075",172,2001,"ssp126--ACCESS-CM2--2075",FALSE,FALSE,28.525,0.2,22.8301169550716,TRUE,1.6,0,0.25,0.2,172
"2001-06-22 12:00:00",2001,6,22,21.34,33.46,0,"ssp126","ACCESS-CM2","2075",173,2001,"ssp126--ACCESS-CM2--2075",FALSE,FALSE,27.4,0.2,23.7440935640573,TRUE,1.6,0,0.35,0.2,173
"2001-06-23 12:00:00",2001,6,23,19.31,36.87,0,"ssp126","ACCESS-CM2","2075",174,2001,"ssp126--ACCESS-CM2--2075",FALSE,FALSE,28.09,0.2,24.6132748512458,TRUE,1.6,0,0.4,0.2,-192
